Cluster	ID	Description	GeneRatio	BgRatio	pvalue	p.adjust	qvalue	geneID	Count
1	GO:0000137	Golgi cis cisterna	8/336	30/19594	2.89857825753007e-08	8.98559259834323e-06	8.45164397195611e-06	GOLGA8DP/GOLGA8R/GOLGA8IP/GOLGA6A/GOLGA8N/GOLGA8J/GOLGA8M/GOLGA8Q	8
1	GO:0005801	cis-Golgi network	9/336	72/19594	3.79356926684578e-06	0.000588003236361096	0.000553062466798043	GOLGA8DP/GOLGA8R/GOLGA8IP/GOLGA6A/GOLGA8N/GOLGA8J/GOLGA8M/GOLGA8Q/GOLGA6L7	9
1	GO:0032580	Golgi cisterna membrane	8/336	94/19594	0.000212846451018353	0.0219941332718965	0.0206871813796785	GOLGA8DP/GOLGA8R/GOLGA8IP/GOLGA6A/GOLGA8N/GOLGA8J/GOLGA8M/GOLGA8Q	8
1	GO:0031985	Golgi cisterna	8/336	120/19594	0.00109504039025675	0.0848656302448981	0.079822681079242	GOLGA8DP/GOLGA8R/GOLGA8IP/GOLGA6A/GOLGA8N/GOLGA8J/GOLGA8M/GOLGA8Q	8
3	GO:0098803	respiratory chain complex	8/261	91/19594	2.91497137075472e-05	0.00296595511961115	0.00275701739053733	COX6A2/COX2/ND1/ND2/ND3/ND4L/ND5/FOXRED1	8
3	GO:0005746	mitochondrial respirasome	8/261	94/19594	3.68920630620597e-05	0.00296595511961115	0.00275701739053733	COX6A2/COX2/ND1/ND2/ND3/ND4L/ND5/FOXRED1	8
3	GO:0005747	mitochondrial respiratory chain complex I	6/261	49/19594	4.56300787632485e-05	0.00296595511961115	0.00275701739053733	ND1/ND2/ND3/ND4L/ND5/FOXRED1	6
3	GO:0030964	NADH dehydrogenase complex	6/261	49/19594	4.56300787632485e-05	0.00296595511961115	0.00275701739053733	ND1/ND2/ND3/ND4L/ND5/FOXRED1	6
3	GO:0045271	respiratory chain complex I	6/261	49/19594	4.56300787632485e-05	0.00296595511961115	0.00275701739053733	ND1/ND2/ND3/ND4L/ND5/FOXRED1	6
3	GO:0070469	respirasome	8/261	101/19594	6.18277893623878e-05	0.00334900525712934	0.00311308342929918	COX6A2/COX2/ND1/ND2/ND3/ND4L/ND5/FOXRED1	8
3	GO:0098948	intrinsic component of postsynaptic specialization membrane	6/261	80/19594	0.000695380627450388	0.0304414107332881	0.0282969550783925	CACNG2/SLITRK1/DRD3/GABRG2/LRRTM3/RGS7BP	6
3	GO:0099146	intrinsic component of postsynaptic density membrane	5/261	54/19594	0.000749327033434784	0.0304414107332881	0.0282969550783925	CACNG2/SLITRK1/DRD3/LRRTM3/RGS7BP	5
3	GO:0031514	motile cilium	10/261	227/19594	0.000970462988560942	0.0350444968091451	0.0325757751715778	FLACC1/CFAP251/CFAP58/CFAP45/HAVCR1/LINC02914/CCDC39/ARL13A/LYZL6/CROCC	10
3	GO:0098800	inner mitochondrial membrane protein complex	8/261	155/19594	0.00113776792062798	0.0369774574204092	0.0343725677073926	COX6A2/COX2/ND1/ND2/ND3/ND4L/ND5/FOXRED1	8
3	GO:1902495	transmembrane transporter complex	13/261	377/19594	0.00171794126801637	0.0507573556459382	0.0471817362603539	CACNG2/CPT1C/GABRG2/GRIA4/KCNA7/ND1/ND2/ND3/ND4L/ND5/FOXRED1/CACNG6/GLRA3	13
3	GO:1990351	transporter complex	13/261	399/19594	0.00281069285293618	0.0761229314336882	0.0707604253326916	CACNG2/CPT1C/GABRG2/GRIA4/KCNA7/ND1/ND2/ND3/ND4L/ND5/FOXRED1/CACNG6/GLRA3	13
3	GO:0099060	integral component of postsynaptic specialization membrane	5/261	77/19594	0.00365546513513705	0.0828440022762374	0.0770080280268182	CACNG2/SLITRK1/DRD3/GABRG2/LRRTM3	5
3	GO:0097729	9+2 motile cilium	7/261	149/19594	0.00387866363749663	0.0828440022762374	0.0770080280268182	FLACC1/CFAP251/CFAP58/CFAP45/CCDC39/LYZL6/CROCC	7
3	GO:0098798	mitochondrial protein-containing complex	10/261	281/19594	0.00458307684034878	0.0828440022762374	0.0770080280268182	COX6A2/COX2/ND1/ND2/ND3/ND4L/ND5/MRPL2/MRPS2/FOXRED1	10
3	GO:0099634	postsynaptic specialization membrane	6/261	116/19594	0.0046215900645393	0.0828440022762374	0.0770080280268182	CACNG2/SLITRK1/DRD3/GABRG2/LRRTM3/RGS7BP	6
3	GO:0099061	integral component of postsynaptic density membrane	4/261	51/19594	0.00470603359588816	0.0828440022762374	0.0770080280268182	CACNG2/SLITRK1/DRD3/LRRTM3	4
3	GO:0031045	dense core granule	3/261	26/19594	0.00484318782538003	0.0828440022762374	0.0770080280268182	CRHBP/NPY/SYT1	3
3	GO:0032281	AMPA glutamate receptor complex	3/261	26/19594	0.00484318782538003	0.0828440022762374	0.0770080280268182	CACNG2/CPT1C/GRIA4	3
3	GO:1990204	oxidoreductase complex	6/261	120/19594	0.00544574556391505	0.0884933654136195	0.0822594198338747	ND1/ND2/ND3/ND4L/ND5/FOXRED1	6
3	GO:0098936	intrinsic component of postsynaptic membrane	6/261	123/19594	0.00613090974393181	0.0948831269894209	0.0881990524565629	CACNG2/SLITRK1/DRD3/GABRG2/LRRTM3/RGS7BP	6
3	GO:0098839	postsynaptic density membrane	5/261	89/19594	0.00675468625183523	0.0997851378112023	0.0927557394390771	CACNG2/SLITRK1/DRD3/LRRTM3/RGS7BP	5
2	GO:0022626	cytosolic ribosome	41/632	102/19594	1.79225803757758e-34	1.04847095198288e-31	6.84831229095433e-32	RPL36/RPSA/RPL10A/RPL3/RPL4/RPL6/RPL7/RPL8/RPL10/RPL11/RPL12/RPL13/RPL15/RPL17/RPL18/RPL19/RPL24/RPL27/RPL29/RPL32/RPLP0/RPLP1/RPS2/RPS3/RPS3A/RPS4X/RPS5/RPS6/RPS8/RPS10/RPS11/RPS15/RPS16/RPS17/RPS19/RPS21/RPS25/RPS27/RPS28/RPS29/UBA52	41
2	GO:0005840	ribosome	51/632	229/19594	2.05714916472399e-28	6.01716130681767e-26	3.93023761470952e-26	GCN1/MRPL3/LARP1/RPL36/MRPL42/RPSA/RPL10A/MRPS10/NUFIP2/MRPS35/RPL3/RPL4/RPL6/RPL7/RPL8/RPL10/RPL11/RPL12/RPL13/RPL15/RPL17/RPL18/RPL19/RPL24/RPL27/RPL29/RPL32/RPLP0/RPLP1/RPS2/RPS3/RPS3A/RPS4X/RPS5/RPS6/RPS8/RPS10/RPS11/RPS15/RPS16/RPS17/RPS19/RPS21/RPS25/RPS27/RPS28/RPS29/BTF3/UBA52/SF1/CANX	51
2	GO:0044391	ribosomal subunit	45/632	178/19594	1.0723360625575e-27	2.09105532198713e-25	1.36581751125745e-25	MRPL3/RPL36/MRPL42/RPSA/RPL10A/MRPS10/MRPS35/RPL3/RPL4/RPL6/RPL7/RPL8/RPL10/RPL11/RPL12/RPL13/RPL15/RPL17/RPL18/RPL19/RPL24/RPL27/RPL29/RPL32/RPLP0/RPLP1/RPS2/RPS3/RPS3A/RPS4X/RPS5/RPS6/RPS8/RPS10/RPS11/RPS15/RPS16/RPS17/RPS19/RPS21/RPS25/RPS27/RPS28/RPS29/UBA52	45
2	GO:0030055	cell-substrate junction	66/632	428/19594	1.37801069342522e-26	2.01534063913438e-24	1.31636284661409e-24	ARPC5/ARPC3/ACTR3/ACTR2/G3BP1/CAP1/NCKAP1/RAB10/MAPRE1/CYFIP1/CORO1C/PABPC1/PDIA3/ANXA5/HNRNPK/HSPA5/HSPA8/HSPA9/IGF2R/ARF1/RHOA/CD46/RPL10A/NPM1/P4HB/PCBP2/HACD3/PDPK1/PFN1/PPP1CB/PPP1CC/ERBIN/MAPK1/RAC1/RPL3/RPL4/RPL6/RPL7/RPL8/RPL12/RPL18/RPL19/RPL27/RPLP0/RPLP1/RPS2/RPS3/RPS3A/RPS4X/RPS5/RPS8/RPS10/RPS11/RPS15/RPS16/RPS17/RPS19/RPS29/SDCBP/HSP90B1/YWHAB/YWHAE/YWHAG/ACTN4/CALR/SCARB2	66
2	GO:0005925	focal adhesion	65/632	419/19594	2.40539155549304e-26	2.81430811992686e-24	1.83822554661889e-24	ARPC5/ARPC3/ACTR3/ACTR2/G3BP1/CAP1/NCKAP1/RAB10/MAPRE1/CYFIP1/CORO1C/PABPC1/PDIA3/ANXA5/HNRNPK/HSPA5/HSPA8/HSPA9/IGF2R/ARF1/RHOA/CD46/RPL10A/NPM1/P4HB/PCBP2/HACD3/PDPK1/PFN1/PPP1CB/PPP1CC/MAPK1/RAC1/RPL3/RPL4/RPL6/RPL7/RPL8/RPL12/RPL18/RPL19/RPL27/RPLP0/RPLP1/RPS2/RPS3/RPS3A/RPS4X/RPS5/RPS8/RPS10/RPS11/RPS15/RPS16/RPS17/RPS19/RPS29/SDCBP/HSP90B1/YWHAB/YWHAE/YWHAG/ACTN4/CALR/SCARB2	65
2	GO:0010494	cytoplasmic stress granule	30/632	79/19594	1.15898224763455e-24	1.13000769144368e-22	7.38088694546211e-23	G3BP1/NXF1/CELF1/DDX19B/ATXN2L/RC3H1/DDX1/DDX3X/DDX6/EIF4G1/ELAVL1/CASC3/PRRC2C/LARP1/PUM2/TARDBP/LSM14A/PABPC1/HNRNPK/KPNB1/MBNL1/YBX1/RC3H2/NUFIP2/ATXN2/STAU1/TIA1/VCP/CSDE1/PUM1	30
2	GO:0035770	ribonucleoprotein granule	49/632	261/19594	8.23659041372359e-24	6.88343627432614e-22	4.49606363937092e-22	G3BP1/NXF1/CELF1/DDX19B/ATXN2L/RC3H1/DDX1/DDX3X/DDX6/EIF4G1/ELAVL1/PATL1/CASC3/CNOT1/PRRC2C/LARP1/PUM2/TARDBP/LSM14A/PABPC1/HNRNPK/HNRNPL/KPNB1/MBNL1/NCL/YBX1/BTBD1/POLR2G/XRN1/RC3H2/SAMD4B/BTBD2/PSMA4/PSMC2/NUFIP2/RAC1/RPL6/RPLP0/RPS4X/RPS6/ATXN2/STAU1/TIA1/TOP1/SUMO1/VCP/CSDE1/FXR1/PUM1	49
2	GO:0036464	cytoplasmic ribonucleoprotein granule	47/632	243/19594	1.85219986920338e-23	1.35442115435497e-21	8.8466914805372e-22	G3BP1/NXF1/CELF1/DDX19B/ATXN2L/RC3H1/DDX1/DDX3X/DDX6/EIF4G1/ELAVL1/PATL1/CASC3/CNOT1/PRRC2C/LARP1/PUM2/TARDBP/LSM14A/PABPC1/HNRNPK/KPNB1/MBNL1/NCL/YBX1/BTBD1/POLR2G/XRN1/RC3H2/SAMD4B/BTBD2/PSMA4/PSMC2/NUFIP2/RAC1/RPL6/RPLP0/RPS4X/RPS6/ATXN2/STAU1/TIA1/TOP1/VCP/CSDE1/FXR1/PUM1	47
2	GO:0005844	polysome	24/632	65/19594	1.20332610962934e-19	7.8216197125907e-18	5.10885821982982e-18	GCN1/EEF2/EIF4G1/LARP1/RPL36/RPL10A/NUFIP2/RPL6/RPL8/RPL11/RPL18/RPL19/RPL24/RPL32/RPS3/RPS4X/RPS6/RPS21/RPS28/RPS29/ATXN2/BTF3/FXR1/CALR	24
2	GO:0022627	cytosolic small ribosomal subunit	20/632	43/19594	5.30656127988654e-19	3.10433834873362e-17	2.02766499431454e-17	RPSA/RPS2/RPS3/RPS3A/RPS4X/RPS5/RPS6/RPS8/RPS10/RPS11/RPS15/RPS16/RPS17/RPS19/RPS21/RPS25/RPS27/RPS28/RPS29/UBA52	20
2	GO:0022625	cytosolic large ribosomal subunit	22/632	58/19594	2.04360724659252e-18	1.08682749023329e-16	7.09884622500558e-17	RPL36/RPL10A/RPL3/RPL4/RPL6/RPL7/RPL8/RPL10/RPL11/RPL12/RPL13/RPL15/RPL17/RPL18/RPL19/RPL24/RPL27/RPL29/RPL32/RPLP0/RPLP1/UBA52	22
2	GO:0015935	small ribosomal subunit	23/632	69/19594	1.00655021460832e-17	4.90693229621556e-16	3.20506778862123e-16	MRPL42/RPSA/MRPS10/MRPS35/RPS2/RPS3/RPS3A/RPS4X/RPS5/RPS6/RPS8/RPS10/RPS11/RPS15/RPS16/RPS17/RPS19/RPS21/RPS25/RPS27/RPS28/RPS29/UBA52	23
2	GO:0101002	ficolin-1-rich granule	33/632	185/19594	9.77201212398222e-16	4.397405455792e-14	2.87225943401259e-14	HUWE1/ARPC5/ACTR2/ATP6AP2/CCT8/DDX3X/EEF2/UBR4/XRCC6/GNS/GPI/HSPA8/HSP90AA1/HSP90AB1/KPNB1/RHOA/LAMP1/LAMP2/MIF/ACLY/PGAM1/PKM/MAPK1/PSMB7/PSMC2/PSMD3/PSMD7/RAC1/SRP14/DYNLT1/VCP/CDK13/DYNLL1	33
2	GO:0034774	secretory granule lumen	43/632	322/19594	2.50387073186849e-15	1.04626027010219e-13	6.83387274938544e-14	HUWE1/ARPC5/ACTR2/CAP1/CCT2/CCT8/DDX3X/EEF2/ERP44/CYFIP1/FAF2/XRCC6/GNS/GPI/GRN/ANXA2/HEXB/HSPA8/HSP90AA1/HSP90AB1/KPNB1/MIF/ACLY/PA2G4/PGAM1/PKM/CTSA/MAPK1/DNAJC3/PSMB7/NIT2/PSMC2/PSMD1/PSMD3/PSMD7/TRAPPC1/SDCBP/SRP14/DYNLT1/VCP/XRCC5/ACTN4/PRDX6	43
2	GO:0060205	cytoplasmic vesicle lumen	43/632	325/19594	3.50633953504648e-15	1.36747241866813e-13	8.93193860506576e-14	HUWE1/ARPC5/ACTR2/CAP1/CCT2/CCT8/DDX3X/EEF2/ERP44/CYFIP1/FAF2/XRCC6/GNS/GPI/GRN/ANXA2/HEXB/HSPA8/HSP90AA1/HSP90AB1/KPNB1/MIF/ACLY/PA2G4/PGAM1/PKM/CTSA/MAPK1/DNAJC3/PSMB7/NIT2/PSMC2/PSMD1/PSMD3/PSMD7/TRAPPC1/SDCBP/SRP14/DYNLT1/VCP/XRCC5/ACTN4/PRDX6	43
2	GO:0031983	vesicle lumen	43/632	327/19594	4.37853918869159e-15	1.60090339086536e-13	1.04566429308885e-13	HUWE1/ARPC5/ACTR2/CAP1/CCT2/CCT8/DDX3X/EEF2/ERP44/CYFIP1/FAF2/XRCC6/GNS/GPI/GRN/ANXA2/HEXB/HSPA8/HSP90AA1/HSP90AB1/KPNB1/MIF/ACLY/PA2G4/PGAM1/PKM/CTSA/MAPK1/DNAJC3/PSMB7/NIT2/PSMC2/PSMD1/PSMD3/PSMD7/TRAPPC1/SDCBP/SRP14/DYNLT1/VCP/XRCC5/ACTN4/PRDX6	43
2	GO:0042788	polysomal ribosome	15/632	31/19594	6.73224690062574e-15	2.21255673269737e-13	1.44517875657966e-13	LARP1/RPL36/RPL10A/NUFIP2/RPL6/RPL8/RPL11/RPL18/RPL19/RPL24/RPL32/RPS21/RPS28/RPS29/BTF3	15
2	GO:0042470	melanosome	25/632	109/19594	7.18608169594017e-15	2.21255673269737e-13	1.44517875657966e-13	CCT4/GANAB/SND1/PDIA3/ANXA2/HSPA5/HSPA8/HSP90AA1/HSP90AB1/LAMP1/P4HB/PRDX1/TMEM33/RAB1A/RAB5C/RAC1/RPN1/SDCBP/HSP90B1/YWHAB/YWHAE/RAB7A/CANX/ANKRD27/PDIA4	25
2	GO:0048770	pigment granule	25/632	109/19594	7.18608169594017e-15	2.21255673269737e-13	1.44517875657966e-13	CCT4/GANAB/SND1/PDIA3/ANXA2/HSPA5/HSPA8/HSP90AA1/HSP90AB1/LAMP1/P4HB/PRDX1/TMEM33/RAB1A/RAB5C/RAC1/RPN1/SDCBP/HSP90B1/YWHAB/YWHAE/RAB7A/CANX/ANKRD27/PDIA4	25
2	GO:1904813	ficolin-1-rich granule lumen	26/632	124/19594	2.0574717977859e-14	6.01810500852375e-13	3.93085401366463e-13	HUWE1/ARPC5/ACTR2/CCT8/DDX3X/EEF2/XRCC6/GNS/GPI/HSPA8/HSP90AA1/HSP90AB1/KPNB1/MIF/ACLY/PGAM1/PKM/MAPK1/PSMB7/PSMC2/PSMD3/PSMD7/SRP14/DYNLT1/VCP/CDK13	26
2	GO:0005766	primary lysosome	28/632	155/19594	1.07809609457663e-13	2.86675552421512e-12	1.87248269058045e-12	ACTR2/CAP1/CCT2/CCT8/DDOST/FAF2/GNS/GRN/ANXA2/HEXB/LAMP1/LAMP2/ACLY/PA2G4/CTSA/TMEM30A/MAPK1/DNAJC3/PSMD1/TRAPPC1/RAB5C/RAP1B/SDCBP/SURF4/VCP/MAGT1/VAPA/PRDX6	28
2	GO:0042582	azurophil granule	28/632	155/19594	1.07809609457663e-13	2.86675552421512e-12	1.87248269058045e-12	ACTR2/CAP1/CCT2/CCT8/DDOST/FAF2/GNS/GRN/ANXA2/HEXB/LAMP1/LAMP2/ACLY/PA2G4/CTSA/TMEM30A/MAPK1/DNAJC3/PSMD1/TRAPPC1/RAB5C/RAP1B/SDCBP/SURF4/VCP/MAGT1/VAPA/PRDX6	28
2	GO:0015934	large ribosomal subunit	24/632	112/19594	1.25245050591503e-13	3.18558063460997e-12	2.08073013110826e-12	MRPL3/RPL36/MRPL42/RPL10A/RPL3/RPL4/RPL6/RPL7/RPL8/RPL10/RPL11/RPL12/RPL13/RPL15/RPL17/RPL18/RPL19/RPL24/RPL27/RPL29/RPL32/RPLP0/RPLP1/UBA52	24
2	GO:0000502	proteasome complex	17/632	59/19594	2.81396906454297e-12	6.8590495948235e-11	4.48013495802237e-11	PSME4/ECPAS/UBQLN1/PSMA3/PSMA4/PSMB6/PSMB7/PSMC2/PSMC4/PSMD1/PSMD3/PSMD7/PSMD8/PSMD10/RAD23B/VCP/USP14	17
2	GO:0005681	spliceosomal complex	29/632	194/19594	5.60158519334845e-12	1.31077093524354e-10	8.5615807376231e-11	SF3A1/SYNCRIP/PRPF8/U2AF2/DHX15/CASC3/SNW1/SF3B3/MTREX/SRRM2/PABPC1/RBMX/PRPF19/HNRNPA2B1/HNRNPC/HNRNPK/HSPA8/HNRNPM/NCL/YBX1/SF3B6/LSM8/TRA2B/SNRPA/SNRPD2/SF1/EFTUD2/DDX23/AQR	29
2	GO:0016607	nuclear speck	43/632	411/19594	1.19133713903001e-11	2.68050856281753e-10	1.7508315039186e-10	SF3A1/NXF1/DDX17/PRPF8/TCERG1/ASCC3/ATXN2L/U2AF2/DHX15/PATL1/CASC3/SNW1/PSME4/FNBP4/MTREX/SRRM2/HECTD1/ZNF638/PRPF19/HIF1A/NONO/POMP/PPP1CC/ERBIN/THOC2/PPP4R3B/RBBP6/SRSF3/SRSF6/SRSF7/ZNF106/SON/SUMO1/SAP130/CDK13/YTHDC1/SRSF11/TRIP12/EFTUD2/RBM39/MAML1/DAZAP2/THRAP3	43
2	GO:0071013	catalytic step 2 spliceosome	19/632	88/19594	3.92949165305383e-11	8.51389858161663e-10	5.56103497098846e-10	SF3A1/SYNCRIP/PRPF8/SNW1/SF3B3/MTREX/SRRM2/PABPC1/RBMX/PRPF19/HNRNPA2B1/HNRNPC/HNRNPK/HNRNPM/SF3B6/SNRPD2/EFTUD2/DDX23/AQR	19
2	GO:1905369	endopeptidase complex	18/632	79/19594	4.93918391015345e-11	1.03193663837135e-09	6.74031488490866e-10	PSME4/ECPAS/UBQLN1/PSMA3/PSMA4/PSMB6/PSMB7/PSMC2/PSMC4/PSMD1/PSMD3/PSMD7/PSMD8/PSMD10/RAD23B/VCP/CAPNS1/USP14	18
2	GO:0035578	azurophil granule lumen	19/632	91/19594	7.31265338573203e-11	1.47513870022525e-09	9.6351839528883e-10	ACTR2/CAP1/CCT2/CCT8/FAF2/GNS/GRN/ANXA2/HEXB/ACLY/PA2G4/CTSA/MAPK1/DNAJC3/PSMD1/TRAPPC1/SDCBP/VCP/PRDX6	19
2	GO:1905368	peptidase complex	20/632	111/19594	3.80275921188521e-10	7.41538046317617e-09	4.84351436461169e-09	PSME4/USP22/ECPAS/UBQLN1/PSMA3/PSMA4/PSMB6/PSMB7/PSMC2/PSMC4/PSMD1/PSMD3/PSMD7/PSMD8/PSMD10/RAD23B/VCP/CAPNS1/TRRAP/USP14	20
2	GO:0140534	endoplasmic reticulum protein-containing complex	21/632	125/19594	5.34644048772927e-10	1.00892505978117e-08	6.59000983716715e-09	MARCHF6/DAD1/DDOST/STT3B/FKBP1A/GANAB/FAF2/PDIA3/SEC61A1/HSPA5/P4HB/PRKCSH/OSTC/RPN1/RPN2/HSP90B1/VCP/CALR/MAGT1/SYVN1/MLEC	21
2	GO:0008250	oligosaccharyltransferase complex	8/632	14/19594	2.8366913185903e-09	5.18582631679789e-08	3.38723338371144e-08	DAD1/DDOST/STT3B/OSTC/RPN1/RPN2/MAGT1/MLEC	8
2	GO:0005774	vacuolar membrane	40/632	449/19594	7.22118442086148e-09	1.28011905642544e-07	8.36137143468171e-08	ATP6AP2/GABARAP/AP2S1/CHMP4B/AP1B1/AP2B1/DDOST/PLEKHM2/VPS39/GNAI3/GNB1/GRN/RMC1/ANXA2/HSPA8/HSP90AB1/LAMP1/LAMP2/RNASEK/SH3GLB1/ANKFY1/CTSA/VPS35/TMEM30A/RAB5C/RAP1B/RPN2/SURF4/UBA52/UBA1/YWHAB/RAB7A/MAGT1/SPPL2A/AP3D1/ATP6V0E1/VAPA/ATP6V1F/SCARB2/LAPTM4A	40
2	GO:0005775	vacuolar lumen	23/632	174/19594	1.0076091503803e-08	1.73368044991905e-07	1.13239046931285e-07	ACTR2/CAP1/CCT2/CCT8/FAF2/GNS/GRN/ANXA2/HEXB/HSPA8/HSP90AA1/LAMP2/ACLY/PA2G4/CTSA/MAPK1/DNAJC3/PSMD1/TRAPPC1/SDCBP/VCP/SCARB2/PRDX6	23
2	GO:0005791	rough endoplasmic reticulum	15/632	79/19594	2.87640294046529e-08	4.80770205763485e-07	3.14025343575609e-07	SEC61A1/PKM/RPL4/RPL6/RPL18/RPL27/RPN1/RPN2/RPS21/RPS28/RPS29/STAU1/SEC62/UBA1/CANX	15
2	GO:0000932	P-body	16/632	93/19594	4.31613784615562e-08	7.01372400000288e-07	4.58116385425289e-07	RC3H1/DDX6/PATL1/CNOT1/LSM14A/BTBD1/POLR2G/XRN1/RC3H2/SAMD4B/BTBD2/PSMA4/PSMC2/TOP1/CSDE1/PUM1	16
2	GO:0030117	membrane coat	15/632	84/19594	6.80707074749646e-08	1.04793062823301e-06	6.84478305080669e-07	SEC24B/SEC23B/SEC24A/AP2S1/CHMP4B/AP2B1/EPS15/COPG1/VPS39/IGF2R/AFTPH/PICALM/AP3D1/COPB2/CLINT1	15
2	GO:0048475	coated membrane	15/632	84/19594	6.80707074749646e-08	1.04793062823301e-06	6.84478305080669e-07	SEC24B/SEC23B/SEC24A/AP2S1/CHMP4B/AP2B1/EPS15/COPG1/VPS39/IGF2R/AFTPH/PICALM/AP3D1/COPB2/CLINT1	15
2	GO:0005765	lysosomal membrane	34/632	404/19594	3.78211759584286e-07	5.53134698392018e-06	3.6129175981341e-06	ATP6AP2/AP2S1/CHMP4B/AP1B1/AP2B1/DDOST/PLEKHM2/VPS39/GNAI3/GNB1/GRN/RMC1/ANXA2/HSPA8/HSP90AB1/LAMP1/LAMP2/ANKFY1/CTSA/VPS35/TMEM30A/RAB5C/RAP1B/SURF4/UBA52/UBA1/RAB7A/MAGT1/SPPL2A/AP3D1/ATP6V0E1/VAPA/SCARB2/LAPTM4A	34
2	GO:0098852	lytic vacuole membrane	34/632	404/19594	3.78211759584286e-07	5.53134698392018e-06	3.6129175981341e-06	ATP6AP2/AP2S1/CHMP4B/AP1B1/AP2B1/DDOST/PLEKHM2/VPS39/GNAI3/GNB1/GRN/RMC1/ANXA2/HSPA8/HSP90AB1/LAMP1/LAMP2/ANKFY1/CTSA/VPS35/TMEM30A/RAB5C/RAP1B/SURF4/UBA52/UBA1/RAB7A/MAGT1/SPPL2A/AP3D1/ATP6V0E1/VAPA/SCARB2/LAPTM4A	34
2	GO:0016282	eukaryotic 43S preinitiation complex	7/632	17/19594	5.15549858109456e-07	7.35601626814712e-06	4.80473937082754e-06	EIF1/EIF3K/EIF3CL/EIF3A/EIF3D/EIF3F/EIF3I	7
2	GO:0070993	translation preinitiation complex	7/632	18/19594	8.20171975541712e-07	1.14238239450453e-05	7.46171496545468e-06	EIF1/EIF3K/EIF3CL/EIF3A/EIF3D/EIF3F/EIF3I	7
2	GO:0005635	nuclear envelope	37/632	479/19594	9.53074008760959e-07	1.29662394215154e-05	8.46917662619897e-06	LRPPRC/CDK4/NUTF2/NXF1/IPO7/CCNI/XPOT/DDX19B/CLIC1/CHMP4B/CSE1L/CASC3/ATF6/NUP205/PUM2/CTDNEP1/ANKRD17/AGFG1/IGF2R/KPNB1/KPNA4/YBX1/NUP98/PAFAH1B1/HACD3/TMEM33/ERBIN/RTN4/SDCBP/TRA2B/SUMO1/XPO1/CALR/VAPA/NUP93/MATR3/NUP153	37
2	GO:0030662	coated vesicle membrane	20/632	176/19594	1.09219985291119e-06	1.45212934989329e-05	9.48489345949193e-06	SEC24B/SEC23B/SEC24A/KDELR1/TMED2/KDELR2/SEC23IP/AP2S1/AP2B1/COPG1/HSPA8/IGF2R/LMAN1/AFTPH/USO1/COPB2/VAMP3/SCARB2/GOSR2/CLINT1	20
2	GO:0030135	coated vesicle	26/632	290/19594	2.81591359145838e-06	3.6606876688959e-05	2.391056453098e-05	SEC24B/SEC23B/SEC24A/KDELR1/TMED2/LMAN2/KDELR2/SEC23IP/AP2S1/AP2B1/COPG1/ECPAS/HSPA8/IGF2R/LMAN1/ERGIC2/SPG21/AFTPH/SCYL2/PICALM/USO1/COPB2/VAMP3/SCARB2/GOSR2/CLINT1	26
2	GO:0005852	eukaryotic translation initiation factor 3 complex	6/632	15/19594	4.29182411200129e-06	5.34195128834203e-05	3.48920974839075e-05	EIF3K/EIF3CL/EIF3A/EIF3D/EIF3F/EIF3I	6
2	GO:0033290	eukaryotic 48S preinitiation complex	6/632	15/19594	4.29182411200129e-06	5.34195128834203e-05	3.48920974839075e-05	EIF3K/EIF3CL/EIF3A/EIF3D/EIF3F/EIF3I	6
2	GO:0005793	endoplasmic reticulum-Golgi intermediate compartment	16/632	131/19594	5.04876605834591e-06	6.15318363360908e-05	4.01908350697273e-05	KDELR1/TMED2/LMAN2/SEC23IP/COPG1/ERP44/ECPAS/HSPA5/LMAN1/P4HB/ERGIC2/SURF4/CALR/RAB1B/GBF1/GOSR2	16
2	GO:0005684	U2-type spliceosomal complex	13/632	92/19594	7.78302454167494e-06	9.29197827934661e-05	6.06925436869603e-05	SF3A1/PRPF8/U2AF2/CASC3/SNW1/SF3B3/SRRM2/PRPF19/SF3B6/LSM8/SNRPD2/EFTUD2/AQR	13
2	GO:0005643	nuclear pore	13/632	93/19594	8.78496613529637e-06	0.000102784103782968	6.71356359392123e-05	NUTF2/NXF1/IPO7/XPOT/DDX19B/CHMP4B/NUP205/AGFG1/KPNB1/NUP98/SUMO1/NUP93/NUP153	13
2	GO:0101031	chaperone complex	8/632	34/19594	9.68412684678114e-06	0.000111082631477784	7.25559968087008e-05	CCT4/CCT2/CCT8/PTGES3/STIP1/HSPA8/HSP90AB1/CCT6A	8
2	GO:0031965	nuclear membrane	25/632	300/19594	1.55373499312567e-05	0.000174795186726637	0.000114171215081906	LRPPRC/CDK4/NUTF2/CCNI/CLIC1/CASC3/NUP205/PUM2/CTDNEP1/ANKRD17/KPNB1/KPNA4/YBX1/NUP98/PAFAH1B1/HACD3/ERBIN/SDCBP/TRA2B/SUMO1/XPO1/VAPA/NUP93/MATR3/NUP153	25
2	GO:0005838	proteasome regulatory particle	6/632	19/19594	2.0833200356086e-05	0.000229951362420949	0.000150197651027989	PSMC2/PSMC4/PSMD1/PSMD3/PSMD7/PSMD8	6
2	GO:0005790	smooth endoplasmic reticulum	7/632	30/19594	3.74429695876254e-05	0.000396911571962496	0.000259251283171185	GABARAP/HSPA5/DNAJC3/RPL10/CALR/CANX/SYVN1	7
2	GO:0071007	U2-type catalytic step 2 spliceosome	7/632	30/19594	3.74429695876254e-05	0.000396911571962496	0.000259251283171185	PRPF8/SNW1/SRRM2/PRPF19/SNRPD2/EFTUD2/AQR	7
2	GO:0030120	vesicle coat	9/632	52/19594	3.79949538972646e-05	0.000396911571962496	0.000259251283171185	SEC24B/SEC23B/SEC24A/AP2S1/AP2B1/COPG1/AFTPH/COPB2/CLINT1	9
2	GO:0031227	intrinsic component of endoplasmic reticulum membrane	17/632	172/19594	4.32045055223369e-05	0.000443414661939774	0.000289625771091566	MARCHF6/ATF6/TRAM1/PDIA3/SEC61A1/HSPA5/HACD3/TMEM33/RTN4/GRAMD1A/SEC62/CALR/CANX/SYVN1/SPPL2A/TECR/TRAM2	17
2	GO:0098798	mitochondrial protein-containing complex	23/632	281/19594	4.45895499949524e-05	0.000449739426673227	0.000293756926464024	ATP5PD/MRPL3/COX6A1/COX6B1/DLD/MRPL42/SLC25A5/SLC25A6/HADHA/HADHB/HSPA9/NDUFAB1/NDUFB10/NDUFS5/ATP5F1B/ATP5PB/ATP5PO/MRPS10/NDUFA12/MRPS35/UQCRC2/COX5A/TOMM70	23
2	GO:0030133	transport vesicle	29/632	402/19594	4.99532266840291e-05	0.000495298942545035	0.000323515098774355	SEC24B/SEC23B/SEC24A/RAB10/KDELR1/TMED2/KDELR2/SEC23IP/COPG1/IGF2R/LAMP1/LMAN1/SPG21/AFTPH/TMEM30A/MFF/RAB1A/SURF4/RAB7A/CALM3/RAB1B/PICALM/ANKRD27/USO1/RAB11A/COPB2/VAMP3/GOSR2/GOLGA5	29
2	GO:0098687	chromosomal region	27/632	366/19594	6.17868186181543e-05	0.000602421481527004	0.000393484476462983	CTCF/DCTN6/PTGES3/CHMP4B/DDB1/DYNC1LI2/KDM1A/PDS5A/XRCC6/HNRNPA2B1/MCM4/NUP98/PAFAH1B1/POLR2B/ATRX/PPP1CB/PPP1CC/PRKDC/RCC2/THOC2/XPO1/XRCC5/ZNF207/SMC1A/DYNLL1/MTA2/SEPTIN7	27
2	GO:0005776	autophagosome	13/632	112/19594	6.57459335441603e-05	0.00063051428071039	0.000411833889154964	ATP6AP2/GABARAP/CHMP4B/UBQLN2/UBQLN1/HSPA8/LAMP1/LAMP2/SH3GLB1/GRAMD1A/RPN2/RAB7A/NCOA4	13
2	GO:0022624	proteasome accessory complex	6/632	23/19594	6.94252960904583e-05	0.000655061261498679	0.000427867274717086	PSMC2/PSMC4/PSMD1/PSMD3/PSMD7/PSMD8	6
2	GO:0030176	integral component of endoplasmic reticulum membrane	16/632	164/19594	8.40672385631201e-05	0.000780624358086115	0.000509881497049501	MARCHF6/ATF6/TRAM1/PDIA3/SEC61A1/HSPA5/HACD3/TMEM33/RTN4/SEC62/CALR/CANX/SYVN1/SPPL2A/TECR/TRAM2	16
2	GO:0035577	azurophil granule membrane	9/632	58/19594	9.25965993310431e-05	0.000846390790760316	0.000552838249295537	DDOST/LAMP1/LAMP2/TMEM30A/RAB5C/RAP1B/SURF4/MAGT1/VAPA	9
2	GO:0016234	inclusion body	10/632	74/19594	0.000126983633340961	0.00114285270006865	0.000746478686684518	NXF1/EEF2/EPS15/XRN2/ARIH1/UBQLN1/HSP90AB1/NUP98/PICALM/NUP153	10
2	GO:0033177	proton-transporting two-sector ATPase complex, proton-transporting domain	6/632	26/19594	0.000145805906240984	0.00129237053259054	0.000844139457184647	ATP6AP2/ATP5PD/RNASEK/ATP5PB/ATP5PO/ATP6V0E1	6
2	GO:0016469	proton-transporting two-sector ATPase complex	8/632	50/19594	0.00018182708142146	0.0015875946661426	0.00103697141486237	ATP6AP2/ATP5PD/RNASEK/ATP5F1B/ATP5PB/ATP5PO/ATP6V0E1/ATP6V1F	8
2	GO:0099243	extrinsic component of synaptic membrane	4/632	10/19594	0.000192788485478552	0.00165854800007284	0.00108331610261168	CRKL/KPNA2/PICALM/RNF10	4
2	GO:0030663	COPI-coated vesicle membrane	5/632	18/19594	0.000207609772662023	0.00174289831722822	0.00113841131651614	KDELR1/TMED2/KDELR2/COPG1/COPB2	5
2	GO:0000421	autophagosome membrane	8/632	51/19594	0.000209639814664888	0.00174289831722822	0.00113841131651614	ATP6AP2/GABARAP/CHMP4B/LAMP1/LAMP2/SH3GLB1/RPN2/RAB7A	8
2	GO:0030667	secretory granule membrane	23/632	312/19594	0.000214413282831849	0.00174289831722822	0.00113841131651614	ATP6AP2/RAB10/TMED2/DDOST/UBR4/APLP2/IGF2R/RHOA/LAMP1/LAMP2/CD46/TMEM30A/RAB5C/RAC1/RAP1B/SRI/SURF4/RAB7A/MAGT1/DYNLL1/VAPA/CD47/MLEC	23
2	GO:0030134	COPII-coated ER to Golgi transport vesicle	11/632	94/19594	0.000219703295808494	0.00174289831722822	0.00113841131651614	SEC24B/SEC23B/SEC24A/TMED2/LMAN2/SEC23IP/ECPAS/LMAN1/ERGIC2/USO1/GOSR2	11
2	GO:0030118	clathrin coat	7/632	39/19594	0.00021992622607311	0.00174289831722822	0.00113841131651614	AP2S1/AP2B1/EPS15/IGF2R/AFTPH/PICALM/CLINT1	7
2	GO:0015030	Cajal body	10/632	79/19594	0.000220469188845963	0.00174289831722822	0.00113841131651614	DKC1/FBL/EWSR1/SRRM2/ARIH1/HNRNPA2B1/NOP10/XPO1/NOLC1/EFTUD2	10
2	GO:0005667	transcription regulator complex	31/632	483/19594	0.000235099118061221	0.00182461478142401	0.00119178617302189	TRIM28/CDK4/NCOA2/NFAT5/ASCC3/ATF2/CREBBP/CSNK2A1/EP300/ATF6/SPEN/KDM1A/XRCC6/GTF2A1/HIF1A/NONO/MED15/AKIRIN2/ATF7IP/PRKDC/RELA/STAT3/YY1/TRRAP/NCOA1/CBFB/LDB1/MTA2/MED14/NCOR1/NCOR2	31
2	GO:0034399	nuclear periphery	13/632	127/19594	0.000237043971603802	0.00182461478142401	0.00119178617302189	XPOT/SNW1/NUP205/HNRNPA2B1/HNRNPM/NONO/NUP98/YY1/SMC1A/NCOR2/NUP93/MATR3/NUP153	13
2	GO:0030660	Golgi-associated vesicle membrane	8/632	52/19594	0.000240847971168091	0.0018298190017316	0.00119518542083414	KDELR1/TMED2/KDELR2/COPG1/AFTPH/SPPL2A/COPB2/ITM2B	8
2	GO:0071011	precatalytic spliceosome	8/632	53/19594	0.000275759201732274	0.00206819401299206	0.00135088515828361	SF3A1/PRPF8/SF3B3/SRRM2/SF3B6/LSM8/SNRPD2/EFTUD2	8
2	GO:0098978	glutamatergic synapse	23/632	319/19594	0.000295011559952404	0.00213224390849775	0.00139272071756128	AP2B1/ELAVL1/GSK3B/HSPA8/ARF4/KPNA2/RHOA/PAK2/PFN1/PPP1CC/VPS35/ERBIN/RAC1/RELA/STAU1/C1QBP/VCP/FXR1/CANX/RAB11A/NAPA/AP3D1/RNF10	23
2	GO:0005832	chaperonin-containing T-complex	4/632	11/19594	0.000295233771945842	0.00213224390849775	0.00139272071756128	CCT4/CCT2/CCT8/CCT6A	4
2	GO:0017101	aminoacyl-tRNA synthetase multienzyme complex	4/632	11/19594	0.000295233771945842	0.00213224390849775	0.00139272071756128	IARS1/KARS1/LARS1/RARS1	4
2	GO:0005770	late endosome	21/632	283/19594	0.000364198903304515	0.0025788403014022	0.0016844247042897	CHMP4B/DYNC1LI2/VPS39/ECPAS/GRN/RMC1/ANXA2/HSPA8/IGF2R/LAMP1/LAMP2/VPS35/TMEM30A/MAPK1/RAB7A/ANKRD27/SPPL2A/RAB11A/SCARB2/GOSR2/LAPTM4A	21
2	GO:0005798	Golgi-associated vesicle	10/632	84/19594	0.000365886743617748	0.0025788403014022	0.0016844247042897	KDELR1/TMED2/KDELR2/COPG1/IGF2R/SPG21/AFTPH/SPPL2A/COPB2/ITM2B	10
2	GO:0009295	nucleoid	7/632	44/19594	0.000476642962652921	0.0032804250959054	0.00214267981972768	LRPPRC/SLC25A5/HADHA/HADHB/HSPA9/ATP5F1B/ELAC2	7
2	GO:0042645	mitochondrial nucleoid	7/632	44/19594	0.000476642962652921	0.0032804250959054	0.00214267981972768	LRPPRC/SLC25A5/HADHA/HADHB/HSPA9/ATP5F1B/ELAC2	7
2	GO:0098800	inner mitochondrial membrane protein complex	14/632	155/19594	0.000506612004572303	0.00344613979854415	0.00225091992239591	ATP5PD/COX6A1/COX6B1/SLC25A6/HSPA9/NDUFAB1/NDUFB10/NDUFS5/ATP5F1B/ATP5PB/ATP5PO/NDUFA12/UQCRC2/COX5A	14
2	GO:1904949	ATPase complex	10/632	88/19594	0.000533176771698482	0.00358515415452428	0.00234172012252328	CSNK2A1/SMARCB1/SMARCC2/SS18/VCP/YY1/TRRAP/SMARCA5/BAZ1B/MTA2	10
2	GO:0030137	COPI-coated vesicle	5/632	22/19594	0.000573391937199432	0.00381175321888259	0.00248972814836596	KDELR1/TMED2/KDELR2/COPG1/COPB2	5
2	GO:0033116	endoplasmic reticulum-Golgi intermediate compartment membrane	9/632	77/19594	0.000815573267709798	0.00527108899712715	0.00344292452713838	KDELR1/TMED2/LMAN2/LMAN1/ERGIC2/SURF4/CALR/RAB1B/GOSR2	9
2	GO:0012507	ER to Golgi transport vesicle membrane	8/632	62/19594	0.000816100073771472	0.00527108899712715	0.00344292452713838	SEC24B/SEC23B/SEC24A/TMED2/SEC23IP/LMAN1/USO1/GOSR2	8
2	GO:0030132	clathrin coat of coated pit	4/632	14/19594	0.000828957585872988	0.00527108899712715	0.00344292452713838	AP2S1/AP2B1/EPS15/PICALM	4
2	GO:0098554	cytoplasmic side of endoplasmic reticulum membrane	4/632	14/19594	0.000828957585872988	0.00527108899712715	0.00344292452713838	RPL27/RPS28/RPS29/SPPL2A	4
2	GO:0030867	rough endoplasmic reticulum membrane	5/632	24/19594	0.000877416035288084	0.0055180987581237	0.0036042642360754	SEC61A1/RPL27/RPS28/RPS29/UBA1	5
2	GO:0030027	lamellipodium	16/632	202/19594	0.000887155724752964	0.0055180987581237	0.0036042642360754	ARPC5/ARPC3/ACTR3/ACTR2/WASF2/NCKAP1/DDX3X/CYFIP1/CORO1C/SLC39A6/PABPC1/RHOA/P4HB/PKN2/RAC1/WASL	16
2	GO:0030684	preribosome	9/632	78/19594	0.00089610150772949	0.0055180987581237	0.0036042642360754	NOP56/FBL/RSL1D1/NOB1/NIP7/PRKDC/XRCC5/NOL10/UTP4	9
2	GO:0000781	chromosome, telomeric region	14/632	166/19594	0.000998603184725349	0.00608523815692009	0.00397470346551866	PTGES3/DDB1/KDM1A/XRCC6/HNRNPA2B1/MCM4/POLR2B/ATRX/PPP1CB/PPP1CC/PRKDC/THOC2/XRCC5/MTA2	14
2	GO:0071005	U2-type precatalytic spliceosome	7/632	50/19594	0.00105154237503676	0.00634177617934539	0.0041422667622175	SF3A1/PRPF8/SF3B3/SRRM2/LSM8/SNRPD2/EFTUD2	7
2	GO:0044322	endoplasmic reticulum quality control compartment	5/632	25/19594	0.00106794954715674	0.00637500494986423	0.00416397084444573	MARCHF6/EDEM3/CALR/CANX/SYVN1	5
2	GO:0005665	RNA polymerase II, core complex	4/632	15/19594	0.00110172090664463	0.00651016899380916	0.00425225613090909	POLR2A/POLR2B/POLR2G/POLR2I	4
2	GO:0031248	protein acetyltransferase complex	10/632	97/19594	0.00114756615782253	0.00664679408243742	0.00434149572995913	ATF2/CREBBP/EP300/USP22/HCFC1/MLLT1/NAA25/NAA50/TRRAP/MORF4L2	10
2	GO:1902493	acetyltransferase complex	10/632	97/19594	0.00114756615782253	0.00664679408243742	0.00434149572995913	ATF2/CREBBP/EP300/USP22/HCFC1/MLLT1/NAA25/NAA50/TRRAP/MORF4L2	10
2	GO:0032040	small-subunit processome	6/632	39/19594	0.001448050257144	0.00830499412185528	0.00542458455462612	NOP56/FBL/PRKDC/XRCC5/NOL10/UTP4	6
2	GO:0070603	SWI/SNF superfamily-type complex	9/632	86/19594	0.00180051846053657	0.0102262456253776	0.00667949106974731	CSNK2A1/SMARCB1/SMARCC2/SS18/YY1/TRRAP/SMARCA5/BAZ1B/MTA2	9
2	GO:0001650	fibrillar center	12/632	140/19594	0.00195145070909666	0.0109769102386687	0.00716980371864462	NOP56/DKC1/FBL/WDR43/MLLT1/NONO/SMARCB1/TOP1/SMARCA5/UTP4/USO1/NOLC1	12
2	GO:0005689	U12-type spliceosomal complex	5/632	29/19594	0.00214635936780443	0.011958287906339	0.007810811533965	DHX15/SF3B3/YBX1/SF3B6/SNRPD2	5
2	GO:0035861	site of double-strand break	8/632	73/19594	0.0023822968235893	0.0131475815264126	0.00858762410092269	ARPC5/ARPC3/ACTR3/ACTR2/ATF2/DDB1/PRPF19/VCP	8
2	GO:0097525	spliceosomal snRNP complex	9/632	90/19594	0.00246905041336182	0.0133458746168108	0.00871714347440815	SF3A1/PRPF8/SF3B3/SF3B6/LSM8/SNRPA/SNRPD2/EFTUD2/DDX23	9
2	GO:0005732	sno(s)RNA-containing ribonucleoprotein complex	5/632	30/19594	0.0025082373069104	0.0133458746168108	0.00871714347440815	NOP56/DKC1/FBL/NOP10/NOLC1	5
2	GO:0030119	AP-type membrane coat adaptor complex	5/632	30/19594	0.0025082373069104	0.0133458746168108	0.00871714347440815	AP2S1/AP2B1/VPS39/AFTPH/AP3D1	5
2	GO:0030496	midbody	15/632	203/19594	0.0025094806971781	0.0133458746168108	0.00871714347440815	JTB/CHMP4B/ERH/ARL2BP/GNAI3/ANXA2/HSPA5/RHOA/SH3GLB1/PPP1CC/PKN2/RCC2/BIRC6/HSP90B1/SEPTIN7	15
2	GO:0005819	spindle	24/632	402/19594	0.00298022732306953	0.0157066034594205	0.0102591040139804	JTB/CHMP4B/MAPRE1/ARL2BP/LSM14A/PRPF19/SLC25A5/NPM1/PAFAH1B1/RTRAF/RCC2/MAPK1/BIRC6/RPS3/DYNLT1/TUBG1/ZNF207/CALM3/SMC1A/CUL3/DYNLL1/RAB11A/NCOR1/SEPTIN7	24
2	GO:0018995	host cellular component	3/632	10/19594	0.00338243632359529	0.0172330938380655	0.0112561638564423	KPNA2/DYNLT1/NUP153	3
2	GO:0043657	host cell	3/632	10/19594	0.00338243632359529	0.0172330938380655	0.0112561638564423	KPNA2/DYNLT1/NUP153	3
2	GO:0072588	box H/ACA RNP complex	3/632	10/19594	0.00338243632359529	0.0172330938380655	0.0112561638564423	DKC1/NOP10/NOLC1	3
2	GO:0101003	ficolin-1-rich granule membrane	7/632	61/19594	0.00338770220748297	0.0172330938380655	0.0112561638564423	ATP6AP2/UBR4/RHOA/LAMP1/LAMP2/RAC1/DYNLL1	7
2	GO:0005839	proteasome core complex	4/632	20/19594	0.00344056344282461	0.0173511173625207	0.0113332534459649	PSMA3/PSMA4/PSMB6/PSMB7	4
2	GO:0099572	postsynaptic specialization	21/632	341/19594	0.00370266140073326	0.0185133070036663	0.0120923624693313	ACTR2/HSPA8/ARF1/KPNA2/PAK2/PCBP2/PDPK1/VPS35/RTN4/RPL6/RPL7/RPL8/RPL12/RPLP0/RPS3/RPS19/RPS25/RPS27/FXR1/EIF3A/RNF10	21
2	GO:0030139	endocytic vesicle	21/632	342/19594	0.00382946192171053	0.0189240354504898	0.0123606385398611	HSPH1/RAB10/AP2S1/AP2B1/ECPAS/PDIA3/HSP90AA1/IGF2R/LAMP1/LAMP2/RAB5C/HSP90B1/UBA52/RAB7A/CALR/PICALM/RAB11A/WASL/ATP6V0E1/VAMP3/SCARB2	21
2	GO:0031902	late endosome membrane	12/632	152/19594	0.00384950464719366	0.0189240354504898	0.0123606385398611	CHMP4B/VPS39/RMC1/ANXA2/LAMP1/LAMP2/TMEM30A/RAB7A/SPPL2A/SCARB2/GOSR2/LAPTM4A	12
2	GO:0000793	condensed chromosome	17/632	255/19594	0.00392351971624866	0.0191271586167122	0.0124933127806865	LRPPRC/CTCF/DCTN6/CHMP4B/DYNC1LI2/NUP98/PAFAH1B1/ATRX/PPP1CC/TUBG1/XPO1/ZNF207/SMC1A/SMARCA5/DYNLL1/BAZ1B/SEPTIN7	17
2	GO:0031300	intrinsic component of organelle membrane	24/632	412/19594	0.00405749867476711	0.0196168324358575	0.0128131537097909	MARCHF6/ATF6/TRAM1/PDIA3/SEC61A1/HSPA5/HSPA9/LAMP2/HACD3/SLC25A3/TMEM33/MFF/RTN4/GRAMD1A/SEC62/RAB7A/CALR/CANX/SYVN1/SPPL2A/ITM2B/TECR/TRAM2/TOMM70	24
2	GO:0090734	site of DNA damage	9/632	97/19594	0.00409947124090338	0.0196573006223646	0.012839586371423	ARPC5/ARPC3/ACTR3/ACTR2/ATF2/DDB1/PRPF19/VCP/XRCC5	9
2	GO:0005753	mitochondrial proton-transporting ATP synthase complex	4/632	21/19594	0.00414303405495595	0.0197046741638149	0.012870529413342	ATP5PD/ATP5F1B/ATP5PB/ATP5PO	4
2	GO:0000276	mitochondrial proton-transporting ATP synthase complex, coupling factor F(o)	3/632	11/19594	0.00454013728046383	0.0207311861112049	0.0135410176488841	ATP5PD/ATP5PB/ATP5PO	3
2	GO:0016281	eukaryotic translation initiation factor 4F complex	3/632	11/19594	0.00454013728046383	0.0207311861112049	0.0135410176488841	EIF4B/EIF4G1/EIF4G2	3
2	GO:0031074	nucleocytoplasmic transport complex	3/632	11/19594	0.00454013728046383	0.0207311861112049	0.0135410176488841	KPNB1/KPNA2/KPNA4	3
2	GO:0034663	endoplasmic reticulum chaperone complex	3/632	11/19594	0.00454013728046383	0.0207311861112049	0.0135410176488841	HSPA5/P4HB/HSP90B1	3
2	GO:0044754	autolysosome	3/632	11/19594	0.00454013728046383	0.0207311861112049	0.0135410176488841	LAMP1/LAMP2/NCOA4	3
2	GO:0031252	cell leading edge	24/632	416/19594	0.00457149232195799	0.0207311861112049	0.0135410176488841	ARPC5/ARPC3/ACTR3/ACTR2/ATP6AP2/WASF2/NCKAP1/DDX3X/CYFIP1/CORO1C/SLC39A6/PABPC1/ARF1/ARF4/RHOA/P4HB/PAFAH1B1/PKN2/RAC1/RPS3/TUBG1/GBF1/LDB1/WASL	24
2	GO:0000779	condensed chromosome, centromeric region	12/632	156/19594	0.00473997839772568	0.0213299027897655	0.0139320822540439	DCTN6/CHMP4B/DYNC1LI2/NUP98/PAFAH1B1/ATRX/PPP1CC/XPO1/ZNF207/SMC1A/DYNLL1/SEPTIN7	12
2	GO:0005697	telomerase holoenzyme complex	4/632	22/19594	0.00493628785890185	0.0217265902213804	0.0141911871351526	PTGES3/DKC1/HNRNPC/NOP10	4
2	GO:0045259	proton-transporting ATP synthase complex	4/632	22/19594	0.00493628785890185	0.0217265902213804	0.0141911871351526	ATP5PD/ATP5F1B/ATP5PB/ATP5PO	4
2	GO:0098576	lumenal side of membrane	5/632	35/19594	0.0050061587026359	0.0217265902213804	0.0141911871351526	HSPA8/CTSA/CALR/CANX/SPPL2A	5
2	GO:0005811	lipid droplet	9/632	100/19594	0.00501382851262624	0.0217265902213804	0.0141911871351526	FAF2/CTDNEP1/PRPF19/ANXA2/RAB5C/RAP1B/VCP/RAB7A/GBF1	9
2	GO:0030532	small nuclear ribonucleoprotein complex	9/632	100/19594	0.00501382851262624	0.0217265902213804	0.0141911871351526	SF3A1/PRPF8/SF3B3/SF3B6/LSM8/SNRPA/SNRPD2/EFTUD2/DDX23	9
2	GO:0008287	protein serine/threonine phosphatase complex	6/632	50/19594	0.00523317922804847	0.0223460572876522	0.014595805299897	CTDNEP1/PPP1CB/PPP1CC/PPP3R1/PPP4R3B/SHOC2	6
2	GO:1903293	phosphatase complex	6/632	50/19594	0.00523317922804847	0.0223460572876522	0.014595805299897	CTDNEP1/PPP1CB/PPP1CC/PPP3R1/PPP4R3B/SHOC2	6
2	GO:0071682	endocytic vesicle lumen	4/632	23/19594	0.00582532053007259	0.0235180218810956	0.015361299042443	HSPH1/HSP90AA1/HSP90B1/CALR	4
2	GO:0071782	endoplasmic reticulum tubular network	4/632	23/19594	0.00582532053007259	0.0235180218810956	0.015361299042443	RAB10/KPNB1/ASPH/RTN4	4
2	GO:0031209	SCAR complex	3/632	12/19594	0.00590965678037787	0.0235180218810956	0.015361299042443	WASF2/NCKAP1/CYFIP1	3
2	GO:0033179	proton-transporting V-type ATPase, V0 domain	3/632	12/19594	0.00590965678037787	0.0235180218810956	0.015361299042443	ATP6AP2/RNASEK/ATP6V0E1	3
2	GO:0034709	methylosome	3/632	12/19594	0.00590965678037787	0.0235180218810956	0.015361299042443	ERH/PRMT1/SNRPD2	3
2	GO:0042405	nuclear inclusion body	3/632	12/19594	0.00590965678037787	0.0235180218810956	0.015361299042443	NXF1/NUP98/NUP153	3
2	GO:0044292	dendrite terminus	3/632	12/19594	0.00590965678037787	0.0235180218810956	0.015361299042443	CYFIP1/HSP90AA1/HSP90AB1	3
2	GO:0071006	U2-type catalytic step 1 spliceosome	3/632	12/19594	0.00590965678037787	0.0235180218810956	0.015361299042443	PRPF8/CASC3/PRPF19	3
2	GO:0071012	catalytic step 1 spliceosome	3/632	12/19594	0.00590965678037787	0.0235180218810956	0.015361299042443	PRPF8/CASC3/PRPF19	3
2	GO:0071564	npBAF complex	3/632	12/19594	0.00590965678037787	0.0235180218810956	0.015361299042443	SMARCB1/SMARCC2/SS18	3
2	GO:0005759	mitochondrial matrix	26/632	473/19594	0.00605627636857511	0.0239386599703814	0.0156360478079144	LRPPRC/TRAP1/PRDX3/MRPL3/CS/DLD/DLST/ARL2BP/PRDX5/MRPL42/SLC25A5/HADHA/HADHB/HSPA9/KARS1/MDH2/NDUFAB1/ATP5F1B/ATP5PB/MRPS10/MRPS35/ELAC2/RPS3/SOD1/C1QBP/CLPP	26
2	GO:0031301	integral component of organelle membrane	22/632	382/19594	0.00658445689542779	0.0258517267370822	0.0168856082871091	MARCHF6/ATF6/TRAM1/PDIA3/SEC61A1/HSPA5/HSPA9/LAMP2/HACD3/SLC25A3/TMEM33/MFF/RTN4/SEC62/CALR/CANX/SYVN1/SPPL2A/ITM2B/TECR/TRAM2/TOMM70	22
2	GO:0000123	histone acetyltransferase complex	8/632	87/19594	0.00700569560657352	0.0272900002797758	0.0178250474162098	ATF2/CREBBP/EP300/USP22/HCFC1/MLLT1/TRRAP/MORF4L2	8
2	GO:0000775	chromosome, centromeric region	15/632	227/19594	0.0070440855423011	0.0272900002797758	0.0178250474162098	CTCF/DCTN6/CHMP4B/DYNC1LI2/PDS5A/NUP98/PAFAH1B1/ATRX/PPP1CC/RCC2/XPO1/ZNF207/SMC1A/DYNLL1/SEPTIN7	15
2	GO:0014069	postsynaptic density	19/632	318/19594	0.00765506993506147	0.0294619467895458	0.0192437007370313	ACTR2/ARF1/PAK2/PCBP2/PDPK1/VPS35/RTN4/RPL6/RPL7/RPL8/RPL12/RPLP0/RPS3/RPS19/RPS25/RPS27/FXR1/EIF3A/RNF10	19
2	GO:0000776	kinetochore	11/632	146/19594	0.00779251973216838	0.0296608459887697	0.0193736160034609	DCTN6/CHMP4B/DYNC1LI2/NUP98/PAFAH1B1/PPP1CC/XPO1/ZNF207/SMC1A/DYNLL1/SEPTIN7	11
2	GO:0005686	U2 snRNP	4/632	25/19594	0.00790955893033858	0.0296608459887697	0.0193736160034609	SF3A1/SF3B3/SF3B6/SNRPD2	4
2	GO:0005751	mitochondrial respiratory chain complex IV	4/632	25/19594	0.00790955893033858	0.0296608459887697	0.0193736160034609	COX6A1/COX6B1/UQCRC2/COX5A	4
2	GO:0030125	clathrin vesicle coat	4/632	25/19594	0.00790955893033858	0.0296608459887697	0.0193736160034609	AP2S1/AP2B1/AFTPH/CLINT1	4
2	GO:0016363	nuclear matrix	9/632	109/19594	0.00872391106861519	0.0325062928352859	0.0212321804754094	XPOT/SNW1/HNRNPA2B1/HNRNPM/NONO/YY1/SMC1A/NCOR2/MATR3	9
2	GO:0016592	mediator complex	5/632	40/19594	0.00889575622139504	0.0327296691164534	0.0213780834714757	CDK4/MED13L/MED15/MED14/THRAP3	5
2	GO:1902562	H4 histone acetyltransferase complex	5/632	40/19594	0.00889575622139504	0.0327296691164534	0.0213780834714757	ATF2/HCFC1/MLLT1/TRRAP/MORF4L2	5
2	GO:0032279	asymmetric synapse	19/632	323/19594	0.0089628339484975	0.032770361624194	0.0214046626533197	ACTR2/ARF1/PAK2/PCBP2/PDPK1/VPS35/RTN4/RPL6/RPL7/RPL8/RPL12/RPLP0/RPS3/RPS19/RPS25/RPS27/FXR1/EIF3A/RNF10	19
2	GO:0098803	respiratory chain complex	8/632	91/19594	0.00911721510555991	0.0331277691723761	0.0216381110383671	COX6A1/COX6B1/NDUFAB1/NDUFB10/NDUFS5/NDUFA12/UQCRC2/COX5A	8
2	GO:0045263	proton-transporting ATP synthase complex, coupling factor F(o)	3/632	14/19594	0.00931974585409033	0.0336546378064373	0.0219822465564314	ATP5PD/ATP5PB/ATP5PO	3
2	GO:0120114	Sm-like protein family complex	9/632	111/19594	0.0097753120474438	0.0350831751395989	0.0229153262720187	SF3A1/PRPF8/SF3B3/SF3B6/LSM8/SNRPA/SNRPD2/EFTUD2/DDX23	9
2	GO:0046540	U4/U6 x U5 tri-snRNP complex	5/632	41/19594	0.00986878844293151	0.0352026904824081	0.0229933902746094	PRPF8/LSM8/SNRPD2/EFTUD2/DDX23	5
2	GO:0033176	proton-transporting V-type ATPase complex	4/632	27/19594	0.010430941710514	0.0367602675608083	0.0240107550599611	ATP6AP2/RNASEK/ATP6V0E1/ATP6V1F	4
2	GO:0030666	endocytic vesicle membrane	13/632	194/19594	0.0104311186582806	0.0367602675608083	0.0240107550599611	RAB10/AP2S1/AP2B1/IGF2R/LAMP1/LAMP2/UBA52/RAB7A/CALR/WASL/ATP6V0E1/VAMP3/SCARB2	13
2	GO:0097526	spliceosomal tri-snRNP complex	5/632	42/19594	0.0109124382330609	0.0382262057864706	0.0249682639684909	PRPF8/LSM8/SNRPD2/EFTUD2/DDX23	5
2	GO:0005746	mitochondrial respirasome	8/632	94/19594	0.010988064037568	0.0382620087022456	0.0249916494087542	COX6A1/COX6B1/NDUFAB1/NDUFB10/NDUFS5/NDUFA12/UQCRC2/COX5A	8
2	GO:0016591	RNA polymerase II, holoenzyme	7/632	76/19594	0.0112446455810985	0.0389119150479928	0.0254161496399845	GTF2A1/POLR2A/POLR2B/POLR2G/POLR2I/PAF1/TRRAP	7
2	GO:0000164	protein phosphatase type 1 complex	3/632	15/19594	0.0113742520909518	0.0389119150479928	0.0254161496399845	PPP1CB/PPP1CC/SHOC2	3
2	GO:0030127	COPII vesicle coat	3/632	15/19594	0.0113742520909518	0.0389119150479928	0.0254161496399845	SEC24B/SEC23B/SEC24A	3
2	GO:0045277	respiratory chain complex IV	4/632	28/19594	0.0118654208088985	0.0403562277511955	0.0263595333759496	COX6A1/COX6B1/UQCRC2/COX5A	4
2	GO:0030670	phagocytic vesicle membrane	7/632	77/19594	0.0120356826745425	0.0406986957491754	0.0265832236742252	RAB10/LAMP1/LAMP2/RAB7A/CALR/ATP6V0E1/VAMP3	7
2	GO:1990391	DNA repair complex	5/632	44/19594	0.0132205068191327	0.0444482556850153	0.0290323289494567	KDM1A/XRCC6/PRKDC/RAD23B/XRCC5	5
2	GO:0072686	mitotic spindle	11/632	160/19594	0.0148228628558295	0.0495507129752016	0.0323651080701722	MAPRE1/LSM14A/RTRAF/RCC2/MAPK1/RPS3/TUBG1/SMC1A/CUL3/DYNLL1/NCOR1	11
2	GO:0030658	transport vesicle membrane	13/632	205/19594	0.0159218805570629	0.0529221598061465	0.0345672406830971	SEC24B/SEC23B/SEC24A/TMED2/SEC23IP/LMAN1/AFTPH/TMEM30A/RAB1A/RAB7A/CALM3/USO1/GOSR2	13
2	GO:0005767	secondary lysosome	3/632	17/19594	0.0162066336804331	0.0535642977573637	0.034986666821274	LAMP1/LAMP2/NCOA4	3
2	GO:0070469	respirasome	8/632	101/19594	0.0164367431415481	0.0540196333584586	0.0352840790087638	COX6A1/COX6B1/NDUFAB1/NDUFB10/NDUFS5/NDUFA12/UQCRC2/COX5A	8
2	GO:0090575	RNA polymerase II transcription regulator complex	14/632	230/19594	0.0175110728367486	0.057228925192726	0.0373802966171112	TRIM28/ASCC3/ATF2/ATF6/GTF2A1/HIF1A/NONO/MED15/STAT3/TRRAP/NCOA1/CBFB/LDB1/MED14	14
2	GO:0005876	spindle microtubule	7/632	83/19594	0.0176437969118778	0.0573423399636027	0.0374543759006528	CHMP4B/MAPRE1/PAFAH1B1/TUBG1/CALM3/CUL3/RAB11A	7
2	GO:0098984	neuron to neuron synapse	19/632	347/19594	0.0179446026857974	0.0579977490121077	0.0378824703398922	ACTR2/ARF1/PAK2/PCBP2/PDPK1/VPS35/RTN4/RPL6/RPL7/RPL8/RPL12/RPLP0/RPS3/RPS19/RPS25/RPS27/FXR1/EIF3A/RNF10	19
2	GO:0030131	clathrin adaptor complex	3/632	18/19594	0.0189905674224672	0.061041109572216	0.0398703063872504	AP2S1/AP2B1/AFTPH	3
2	GO:0015629	actin cytoskeleton	25/632	499/19594	0.0203743597205052	0.0651311499262051	0.0425418037304768	ARPC5/ARPC3/ACTR3/ACTR2/ACTR1A/WASF2/MYL12B/CAP1/MYL12A/DCTN6/NCKAP1/GABARAP/MTPN/CRK/SIPA1L3/CORO1C/TMOD3/HNRNPC/HNRNPK/NCOA5/RAC1/ACTN4/CAPZA1/WASL/SEPTIN7	25
2	GO:0098562	cytoplasmic side of membrane	12/632	193/19594	0.0229817699988749	0.0730670404855534	0.0477253003981212	CHMP4B/FKBP1A/GNAI3/GNAS/GNB1/RHOA/GRAMD1A/RAC1/RPL27/RPS28/RPS29/SPPL2A	12
2	GO:0033178	proton-transporting two-sector ATPase complex, catalytic domain	3/632	20/19594	0.0253009128257481	0.080005589205744	0.0522573619103645	ATP5F1B/ATP5PO/ATP6V1F	3
2	GO:0016235	aggresome	4/632	35/19594	0.0254412683666944	0.0800168924436356	0.0522647448619698	EEF2/EPS15/XRN2/UBQLN1	4
2	GO:0005874	microtubule	22/632	435/19594	0.0258355466462705	0.0808224320217553	0.0527909002679211	LRPPRC/TUBA1B/CCT4/CCT2/CCT8/HSPH1/GABARAP/CHMP4B/DYNC1LI2/MAPRE1/PAFAH1B1/RCC2/DYNLT1/TUBG1/ZNF207/CALM3/CUL3/TUBA1C/DYNLL1/EIF3A/RAB11A/CCT6A	22
2	GO:0016529	sarcoplasmic reticulum	6/632	71/19594	0.0268609507987835	0.0835832777515338	0.0545942057108534	FKBP1A/ASPH/ATP2A2/SRI/HSP90B1/CALR	6
2	GO:0030665	clathrin-coated vesicle membrane	8/632	111/19594	0.0272665428933857	0.0843964422890508	0.0551253415221331	AP2S1/AP2B1/HSPA8/IGF2R/AFTPH/VAMP3/SCARB2/CLINT1	8
2	GO:0005743	mitochondrial inner membrane	24/632	491/19594	0.0292562680590356	0.0900785095501886	0.0588367052932406	TRAP1/ATP5PD/MRPL3/COX6A1/COX6B1/MRPL42/SLC25A5/SLC25A6/HADHA/HADHB/HSPA9/NDUFAB1/NDUFB10/NDUFS5/ATP5F1B/ATP5PB/SLC25A3/ATP5PO/MRPS10/NDUFA12/MRPS35/RPS3/UQCRC2/COX5A	24
2	GO:0031970	organelle envelope lumen	7/632	93/19594	0.0306953960486402	0.0940146947039502	0.0614077088214736	TRAP1/ARL2BP/IGF2R/NDUFS5/PRELID3B/CHCHD2/SOD1	7
2	GO:0032154	cleavage furrow	5/632	55/19594	0.0318075694894159	0.0969136882880642	0.0633012484904495	RHOA/PPP1CC/PKN2/RAB11A/SEPTIN7	5
2	GO:0044295	axonal growth cone	3/632	22/19594	0.0325994793376837	0.0988118933292487	0.0645411017157306	CYFIP1/HSP90AA1/HSP90AB1	3
5	GO:0062023	collagen-containing extracellular matrix	48/96	429/19594	3.8084603662996e-54	7.31224390329524e-52	4.77059772199635e-52	POSTN/EMILIN1/COL1A1/COL1A2/COL3A1/COL5A1/COL5A2/COL6A2/COL6A3/COL8A1/COL10A1/COL11A1/COL12A1/LRRC15/VCAN/CCN2/CCDC80/DCN/AEBP1/FBN1/NID2/SULF1/FN1/MXRA5/EFEMP2/HSPG2/LAMA4/LGALS1/LOX/LOXL1/LTBP2/LUM/MMP2/NID1/PCOLCE/SERPINF1/ASPN/HTRA1/RARRES2/BGN/SFRP2/SPARC/THBS1/THBS2/TIMP2/TIMP3/MFAP5/ADAMTS2	48
5	GO:0005604	basement membrane	15/96	95/19594	5.77193430453519e-19	5.54105693235378e-17	3.6150535907352e-17	COL5A1/COL8A1/CCDC80/FBN1/NID2/FN1/EFEMP2/HSPG2/LAMA4/LOXL1/NID1/SERPINF1/SPARC/THBS2/TIMP3	15
5	GO:0005581	collagen trimer	14/96	86/19594	5.83365509593053e-18	3.73353926139554e-16	2.43580686461661e-16	EMILIN1/COL1A1/COL1A2/COL3A1/COL5A1/COL5A2/COL6A2/COL6A3/COL8A1/COL10A1/COL11A1/COL12A1/LOX/LUM	14
5	GO:0098644	complex of collagen trimers	9/96	22/19594	5.22812060268513e-16	2.50949788928886e-14	1.63722724136719e-14	COL1A1/COL1A2/COL3A1/COL5A1/COL5A2/COL8A1/COL10A1/COL11A1/LUM	9
5	GO:0005788	endoplasmic reticulum lumen	19/96	311/19594	6.98390337658868e-16	2.68181889661005e-14	1.74965158276643e-14	FSTL1/COL1A1/COL1A2/COL3A1/COL5A1/COL5A2/COL6A2/COL6A3/COL8A1/COL10A1/COL11A1/COL12A1/VCAN/FBN1/FN1/IGFBP4/LGALS1/MXRA8/THBS1	19
5	GO:0005583	fibrillar collagen trimer	7/96	12/19594	4.21071636251673e-14	1.15493934514745e-12	7.53496612239836e-13	COL1A1/COL1A2/COL3A1/COL5A1/COL5A2/COL11A1/LUM	7
5	GO:0098643	banded collagen fibril	7/96	12/19594	4.21071636251673e-14	1.15493934514745e-12	7.53496612239836e-13	COL1A1/COL1A2/COL3A1/COL5A1/COL5A2/COL11A1/LUM	7
5	GO:0005925	focal adhesion	19/96	419/19594	1.54705301860621e-13	3.71292724465491e-12	2.42235933176499e-12	CNN2/DAB2/FAP/ITGA11/PALLD/HSPG2/ITGAV/ITGB5/LIMS1/LRP1/MMP14/MYH9/PDGFRB/PLAU/THY1/TLN1/VCL/VIM/ITGBL1	19
5	GO:0030055	cell-substrate junction	19/96	428/19594	2.25863049695848e-13	4.81841172684476e-12	3.14359098407087e-12	CNN2/DAB2/FAP/ITGA11/PALLD/HSPG2/ITGAV/ITGB5/LIMS1/LRP1/MMP14/MYH9/PDGFRB/PLAU/THY1/TLN1/VCL/VIM/ITGBL1	19
5	GO:0098636	protein complex involved in cell adhesion	7/96	43/19594	1.51425052453884e-09	2.90736100711456e-08	1.89679802547496e-08	EMILIN1/ITGA11/ITGAV/ITGB5/LGALS1/PLAU/ITGBL1	7
5	GO:0008305	integrin complex	5/96	31/19594	3.90356295845571e-07	6.81349170930451e-06	4.44520566560985e-06	EMILIN1/ITGA11/ITGAV/ITGB5/ITGBL1	5
5	GO:0043202	lysosomal lumen	7/96	97/19594	4.86947023180358e-07	7.79115237088572e-06	5.08304348758443e-06	VCAN/CTSK/DCN/HSPG2/LUM/PDGFRB/BGN	7
5	GO:0005911	cell-cell junction	12/96	497/19594	5.62051347365629e-06	8.30106605340007e-05	5.41571743615465e-05	CDH11/PDLIM5/FRMD6/CNN2/CLIC4/LIMS1/MYH9/PMP22/MXRA8/BMPR2/TLN1/VCL	12
5	GO:0005796	Golgi lumen	6/96	104/19594	1.21759990941899e-05	0.000166985130434605	0.00010894314979012	VCAN/DCN/HSPG2/LUM/MMP14/BGN	6
5	GO:0001725	stress fiber	5/96	69/19594	2.22913515614981e-05	0.000259024896464331	0.00016899102346083	MYL9/PDLIM5/CNN2/PALLD/MYH9	5
5	GO:0097517	contractile actin filament bundle	5/96	69/19594	2.22913515614981e-05	0.000259024896464331	0.00016899102346083	MYL9/PDLIM5/CNN2/PALLD/MYH9	5
5	GO:0005775	vacuolar lumen	7/96	174/19594	2.36696210679396e-05	0.000259024896464331	0.00016899102346083	VCAN/CTSK/DCN/HSPG2/LUM/PDGFRB/BGN	7
5	GO:0001527	microfibril	3/96	12/19594	2.42835840435311e-05	0.000259024896464331	0.00016899102346083	FBN1/EFEMP2/MFAP5	3
5	GO:0034774	secretory granule lumen	9/96	322/19594	2.89356621876697e-05	0.000292402481054346	0.000190766969547518	CNN2/FN1/RARRES2/SPARC/THBS1/TIMP2/TIMP3/VCL/CRISPLD2	9
5	GO:0060205	cytoplasmic vesicle lumen	9/96	325/19594	3.11111966519762e-05	0.000298399062219963	0.000194679212742191	CNN2/FN1/RARRES2/SPARC/THBS1/TIMP2/TIMP3/VCL/CRISPLD2	9
5	GO:0031983	vesicle lumen	9/96	327/19594	3.26373974303085e-05	0.000298399062219963	0.000194679212742191	CNN2/FN1/RARRES2/SPARC/THBS1/TIMP2/TIMP3/VCL/CRISPLD2	9
5	GO:0042641	actomyosin	5/96	77/19594	3.79975023143311e-05	0.000331614565652344	0.000216349415091167	MYL9/PDLIM5/CNN2/PALLD/MYH9	5
5	GO:0032432	actin filament bundle	5/96	78/19594	4.04437051166226e-05	0.000337617016625719	0.000220265487820508	MYL9/PDLIM5/CNN2/PALLD/MYH9	5
5	GO:0016460	myosin II complex	3/96	22/19594	0.000164044883324559	0.00125986470393261	0.000821951204868318	MYL9/MYH9/MYL6	3
5	GO:0031258	lamellipodium membrane	3/96	22/19594	0.000164044883324559	0.00125986470393261	0.000821951204868318	FAP/ITGAV/ANTXR1	3
5	GO:0005912	adherens junction	6/96	172/19594	0.000202343357931805	0.00145255418259309	0.000947664187108428	CDH11/PDLIM5/MYH9/BMPR2/TLN1/VCL	6
5	GO:0031252	cell leading edge	9/96	416/19594	0.000204265431927153	0.00145255418259309	0.000947664187108428	DPYSL3/FAP/PALLD/ITGAV/MYH9/THY1/TLN1/VIM/ANTXR1	9
5	GO:0005901	caveola	4/96	82/19594	0.000706522574164257	0.00484472622284062	0.00316075888441904	MYOF/CAVIN1/EHD2/BMPR2	4
5	GO:0015629	actin cytoskeleton	9/96	499/19594	0.000764398781130455	0.00506084710265681	0.00330175880052719	MYL9/PDLIM5/CNN2/DPYSL3/PALLD/CLIC4/MYH9/MYL6/VCL	9
5	GO:0031091	platelet alpha granule	4/96	91/19594	0.00104400016873227	0.00668160107988652	0.00435915859926807	FN1/SPARC/THBS1/THBS2	4
5	GO:0042581	specific granule	5/96	160/19594	0.00114653655092283	0.00710112960571561	0.00463286416162367	CNN2/ITGAV/PLAU/TIMP2/VCL	5
5	GO:1905286	serine-type peptidase complex	2/96	11/19594	0.00126949075896409	0.00761694455378451	0.00496938816831336	CFH/PLAU	2
5	GO:0030139	endocytic vesicle	7/96	342/19594	0.00146550425791159	0.00852657022784926	0.00556283912891481	RAB31/EHD2/ITGAV/ITGB5/LRP1/SPARC/VIM	7
5	GO:0031256	leading edge membrane	5/96	175/19594	0.00170370008953199	0.00962089462323945	0.00627678980353889	FAP/ITGAV/THY1/TLN1/ANTXR1	5
5	GO:0001726	ruffle	5/96	177/19594	0.00179072858190142	0.00982342536357349	0.00640892334575244	FAP/PALLD/ITGAV/MYH9/TLN1	5
5	GO:0031089	platelet dense granule lumen	2/96	14/19594	0.0020804123245885	0.0110955323978053	0.00723886159725238	RARRES2/TIMP3	2
5	GO:0044853	plasma membrane raft	4/96	113/19594	0.00231751369356418	0.0120260170044412	0.00784592118162553	MYOF/CAVIN1/EHD2/BMPR2	4
5	GO:0016459	myosin complex	3/96	56/19594	0.00261786810627514	0.0132271230632849	0.0086295375248405	MYL9/MYH9/MYL6	3
5	GO:0030027	lamellipodium	5/96	202/19594	0.00317319563291795	0.0156218861928268	0.0101919103999254	DPYSL3/FAP/PALLD/ITGAV/ANTXR1	5
5	GO:0031527	filopodium membrane	2/96	18/19594	0.00345351624546038	0.0163758884247228	0.0106838307156909	ITGAV/ANTXR1	2
5	GO:0035580	specific granule lumen	3/96	62/19594	0.00349693450736269	0.0163758884247228	0.0106838307156909	CNN2/TIMP2/VCL	3
5	GO:0042383	sarcolemma	4/96	131/19594	0.00394483880190363	0.0180335488087023	0.0117653087074319	COL6A2/COL6A3/BGN/VCL	4
5	GO:0031093	platelet alpha granule lumen	3/96	67/19594	0.00435209822599104	0.0194326246369832	0.0126780829594353	FN1/SPARC/THBS1	3
5	GO:0042827	platelet dense granule	2/96	21/19594	0.0046950614636162	0.0202450735379521	0.0132081345998701	RARRES2/TIMP3	2
5	GO:0045335	phagocytic vesicle	4/96	138/19594	0.00474493911045752	0.0202450735379521	0.0132081345998701	RAB31/ITGAV/ITGB5/VIM	4
5	GO:0005905	clathrin-coated pit	3/96	70/19594	0.00492082261050466	0.0205390856786281	0.0133999517311225	DAB2/LRP1/BMPR2	3
5	GO:0030016	myofibril	5/96	228/19594	0.00529458957891718	0.0213322149209072	0.013917398988969	MYL9/PDLIM5/PALLD/MMP2/VCL	5
5	GO:0045121	membrane raft	6/96	326/19594	0.00536504961918336	0.0213322149209072	0.013917398988969	SULF1/MYOF/CAVIN1/EHD2/BMPR2/THY1	6
5	GO:0098857	membrane microdomain	6/96	327/19594	0.00544415901627319	0.0213322149209072	0.013917398988969	SULF1/MYOF/CAVIN1/EHD2/BMPR2/THY1	6
5	GO:0043292	contractile fiber	5/96	238/19594	0.00632873720153935	0.0243023508539111	0.0158551521470144	MYL9/PDLIM5/PALLD/MMP2/VCL	5
5	GO:0031253	cell projection membrane	6/96	339/19594	0.00646154653831968	0.0243258222619094	0.0158704651818378	FAP/ITGAV/MXRA8/THY1/TLN1/ANTXR1	6
5	GO:0002102	podosome	2/96	29/19594	0.00884930375684327	0.0320578551191303	0.0209149383726782	PALLD/VCL	2
5	GO:0031941	filamentous actin	2/96	29/19594	0.00884930375684327	0.0320578551191303	0.0209149383726782	PDLIM5/DPYSL3	2
5	GO:0032587	ruffle membrane	3/96	97/19594	0.0120564363295341	0.0428673291716768	0.0279671719924865	FAP/ITGAV/TLN1	3
5	GO:0016363	nuclear matrix	3/96	109/19594	0.0164621285953559	0.0574677943692423	0.0374926947913368	CLIC4/SPARC/VIM	3
5	GO:1905368	peptidase complex	3/96	111/19594	0.0172729107616979	0.0592214083258214	0.038636774072219	FAP/CFH/PLAU	3
5	GO:0045177	apical part of cell	6/96	424/19594	0.017967945558961	0.0599361495301386	0.0391030800114391	CTSK/FAP/FN1/CLIC4/PDGFRB/THY1	6
5	GO:0005884	actin filament	3/96	113/19594	0.0181057118372294	0.0599361495301386	0.0391030800114391	PDLIM5/DPYSL3/PALLD	3
5	GO:0098802	plasma membrane signaling receptor complex	5/96	313/19594	0.018926801990098	0.0615923047813359	0.0401835760360689	EMILIN1/ITGA11/ITGAV/ITGB5/ITGBL1	5
5	GO:0030017	sarcomere	4/96	209/19594	0.0195104522770275	0.0624334472864879	0.0407323477362503	MYL9/PDLIM5/PALLD/MMP2	4
5	GO:1904813	ficolin-1-rich granule lumen	3/96	124/19594	0.0230811793696354	0.0726489580159016	0.0473970723897604	TIMP2/VCL/CRISPLD2	3
5	GO:0009897	external side of plasma membrane	6/96	455/19594	0.0244120058930391	0.0736631371802514	0.048058735331414	CTSK/ITGA11/ITGAV/THBS1/THY1/ANTXR1	6
5	GO:0030018	Z disc	3/96	127/19594	0.0245543790600838	0.0736631371802514	0.048058735331414	MYL9/PDLIM5/PALLD	3
5	GO:0034399	nuclear periphery	3/96	127/19594	0.0245543790600838	0.0736631371802514	0.048058735331414	CLIC4/SPARC/VIM	3
5	GO:1904724	tertiary granule lumen	2/96	55/19594	0.0298169294299547	0.0880746223161739	0.0574609652172407	CNN2/TIMP2	2
5	GO:0031674	I band	3/96	139/19594	0.0309445463157839	0.0900204983731894	0.0587304786535611	MYL9/PDLIM5/PALLD	3
7	GO:0005777	peroxisome	3/27	141/19594	0.000940102692639909	0.0263228753939175	0.0227603809797031	CRAT/SERHL2/CROT	3
7	GO:0042579	microbody	3/27	141/19594	0.000940102692639909	0.0263228753939175	0.0227603809797031	CRAT/SERHL2/CROT	3
7	GO:0005782	peroxisomal matrix	2/27	50/19594	0.00215048648721492	0.0301068108210089	0.0260322048452332	CRAT/CROT	2
7	GO:0031907	microbody lumen	2/27	50/19594	0.00215048648721492	0.0301068108210089	0.0260322048452332	CRAT/CROT	2
7	GO:0009925	basal plasma membrane	3/27	251/19594	0.00484066506452293	0.0542154487226568	0.046878019572222	HPGD/CLDN8/CLCA2	3
7	GO:0045178	basal part of cell	3/27	269/19594	0.00586607383260309	0.0547500224376289	0.0473402449648671	HPGD/CLDN8/CLCA2	3
4	GO:0042611	MHC protein complex	13/122	25/19594	5.34761243359518e-23	1.00535113751589e-20	6.86746017788012e-21	HLA-A/HLA-B/HLA-C/HLA-DMA/HLA-DMB/HLA-DPA1/HLA-DRA/HLA-DRB3/HLA-E/HLA-F/HLA-G/B2M/CD74	13
4	GO:0071556	integral component of lumenal side of endoplasmic reticulum membrane	10/122	29/19594	1.09022107530962e-15	6.83205207194031e-14	4.66691126974646e-14	HLA-A/HLA-B/HLA-C/HLA-DPA1/HLA-DRA/HLA-DRB3/HLA-E/HLA-F/HLA-G/CD74	10
4	GO:0098553	lumenal side of endoplasmic reticulum membrane	10/122	29/19594	1.09022107530962e-15	6.83205207194031e-14	4.66691126974646e-14	HLA-A/HLA-B/HLA-C/HLA-DPA1/HLA-DRA/HLA-DRB3/HLA-E/HLA-F/HLA-G/CD74	10
4	GO:0030666	endocytic vesicle membrane	17/122	194/19594	4.30610702168149e-15	2.0238703001903e-13	1.38248699117142e-13	CYBB/HLA-A/HLA-B/HLA-C/HLA-DPA1/HLA-DRA/HLA-DRB3/HLA-E/HLA-F/HLA-G/MSR1/B2M/RAC2/TAP1/TAP2/CD163/CD74	17
4	GO:0098576	lumenal side of membrane	10/122	35/19594	9.68442106933687e-15	3.64134232207066e-13	2.48736709570336e-13	HLA-A/HLA-B/HLA-C/HLA-DPA1/HLA-DRA/HLA-DRB3/HLA-E/HLA-F/HLA-G/CD74	10
4	GO:0030139	endocytic vesicle	20/122	342/19594	3.32561803565543e-14	1.04202698450537e-12	7.11798947982391e-13	CTSS/CYBB/MPEG1/HLA-A/HLA-B/HLA-C/HLA-DPA1/HLA-DRA/HLA-DRB3/HLA-E/HLA-F/HLA-G/ARRB2/MSR1/B2M/RAC2/TAP1/TAP2/CD163/CD74	20
4	GO:0012507	ER to Golgi transport vesicle membrane	11/122	62/19594	1.33920587395469e-13	3.59672434719259e-12	2.4568889717665e-12	HLA-A/HLA-B/HLA-C/HLA-DPA1/HLA-DRA/HLA-DRB3/HLA-E/HLA-F/HLA-G/B2M/CD74	11
4	GO:0030134	COPII-coated ER to Golgi transport vesicle	12/122	94/19594	6.07241360972627e-13	1.42701719828567e-11	9.74782184719217e-12	CTSC/HLA-A/HLA-B/HLA-C/HLA-DPA1/HLA-DRA/HLA-DRB3/HLA-E/HLA-F/HLA-G/B2M/CD74	12
4	GO:0030670	phagocytic vesicle membrane	11/122	77/19594	1.62810584101469e-12	3.40093220123068e-11	2.32314517665253e-11	CYBB/HLA-A/HLA-B/HLA-C/HLA-E/HLA-F/HLA-G/B2M/RAC2/TAP1/TAP2	11
4	GO:0045335	phagocytic vesicle	13/122	138/19594	3.37570037164688e-12	6.34631669869614e-11	4.33510995095705e-11	CTSS/CYBB/MPEG1/HLA-A/HLA-B/HLA-C/HLA-E/HLA-F/HLA-G/B2M/RAC2/TAP1/TAP2	13
4	GO:0042613	MHC class II protein complex	7/122	17/19594	5.63006023572033e-12	9.62228476650383e-11	6.57289328954909e-11	HLA-DMA/HLA-DMB/HLA-DPA1/HLA-DRA/HLA-DRB3/B2M/CD74	7
4	GO:0030176	integral component of endoplasmic reticulum membrane	13/122	164/19594	3.05811776573123e-11	4.79105116631225e-10	3.27272252122114e-10	HLA-A/HLA-B/HLA-C/HLA-DPA1/HLA-DRA/HLA-DRB3/HLA-E/HLA-F/HLA-G/B2M/TAP1/TAP2/CD74	13
4	GO:0031227	intrinsic component of endoplasmic reticulum membrane	13/122	172/19594	5.57707362594854e-11	8.06530647444866e-10	5.50933588960099e-10	HLA-A/HLA-B/HLA-C/HLA-DPA1/HLA-DRA/HLA-DRB3/HLA-E/HLA-F/HLA-G/B2M/TAP1/TAP2/CD74	13
4	GO:0009897	external side of plasma membrane	17/122	455/19594	3.37706308699951e-09	4.53491328825649e-08	3.09775711739805e-08	BTN3A1/FCER1G/FCGR3A/HLA-E/HLA-F/HLA-G/CXCL10/ITGAL/CXCL9/MSR1/B2M/PTPRC/CD84/CD2/CD163/CD86/CD74	17
4	GO:0030658	transport vesicle membrane	12/122	205/19594	5.90783136583685e-09	7.40448197851552e-08	5.05793281847084e-08	DMXL2/HLA-A/HLA-B/HLA-C/HLA-DPA1/HLA-DRA/HLA-DRB3/HLA-E/HLA-F/HLA-G/B2M/CD74	12
4	GO:0030667	secretory granule membrane	14/122	312/19594	9.19730659231525e-09	1.08068352459704e-07	7.38204871225303e-08	CYBB/FCER1G/FCGR2A/NCKAP1L/HLA-B/HLA-C/ITGAL/PSAP/PTPRC/C3AR1/TYROBP/CD38/CD53/ADGRE5	14
4	GO:0005775	vacuolar lumen	11/122	174/19594	1.18001161400082e-08	1.30495402018914e-07	8.91401962279257e-08	NPC2/CTSC/CTSS/FTL/GM2A/LYZ/MAN2B1/ASAH1/LGMN/PSAP/CD74	11
4	GO:0030662	coated vesicle membrane	11/122	176/19594	1.3291636680396e-08	1.35632878675648e-07	9.26495587817979e-08	HLA-A/HLA-B/HLA-C/HLA-DPA1/HLA-DRA/HLA-DRB3/HLA-E/HLA-F/HLA-G/B2M/CD74	11
4	GO:0034774	secretory granule lumen	14/122	322/19594	1.37075781640283e-08	1.35632878675648e-07	9.26495587817979e-08	NPC2/CTSC/DOCK2/FTL/GM2A/LYZ/MAN2B1/BIN2/SRGN/B2M/TGFB1/SERPING1/TMSB4X/GMFG	14
4	GO:0060205	cytoplasmic vesicle lumen	14/122	325/19594	1.54077810106305e-08	1.44833141499927e-07	9.89341728051011e-08	NPC2/CTSC/DOCK2/FTL/GM2A/LYZ/MAN2B1/BIN2/SRGN/B2M/TGFB1/SERPING1/TMSB4X/GMFG	14
4	GO:0031983	vesicle lumen	14/122	327/19594	1.66453267577279e-08	1.49015306212041e-07	1.01790970648762e-07	NPC2/CTSC/DOCK2/FTL/GM2A/LYZ/MAN2B1/BIN2/SRGN/B2M/TGFB1/SERPING1/TMSB4X/GMFG	14
4	GO:0043202	lysosomal lumen	8/122	97/19594	1.63061401507186e-07	1.39343379469777e-06	9.518416738697e-07	NPC2/CTSS/GM2A/MAN2B1/ASAH1/LGMN/PSAP/CD74	8
4	GO:0030135	coated vesicle	12/122	290/19594	2.68522998454155e-07	2.19488363953831e-06	1.49930461379437e-06	CTSC/HLA-A/HLA-B/HLA-C/HLA-DPA1/HLA-DRA/HLA-DRB3/HLA-E/HLA-F/HLA-G/B2M/CD74	12
4	GO:0031301	integral component of organelle membrane	13/122	382/19594	7.73908958542623e-07	6.06228684191721e-06	4.14109179571053e-06	HLA-A/HLA-B/HLA-C/HLA-DPA1/HLA-DRA/HLA-DRB3/HLA-E/HLA-F/HLA-G/B2M/TAP1/TAP2/CD74	13
4	GO:0031901	early endosome membrane	9/122	172/19594	1.30909750988107e-06	9.84441327430561e-06	6.72462720865221e-06	GPNMB/HLA-A/HLA-B/HLA-C/HLA-DRA/HLA-E/HLA-F/HLA-G/B2M	9
4	GO:0030133	transport vesicle	13/122	402/19594	1.36775966889503e-06	9.88995452893332e-06	6.75573601640462e-06	DMXL2/HLA-A/HLA-B/HLA-C/HLA-DPA1/HLA-DRA/HLA-DRB3/HLA-E/HLA-F/HLA-G/B2M/LAPTM5/CD74	13
4	GO:0031300	intrinsic component of organelle membrane	13/122	412/19594	1.79542589824025e-06	1.25014840321913e-05	8.53964754718558e-06	HLA-A/HLA-B/HLA-C/HLA-DPA1/HLA-DRA/HLA-DRB3/HLA-E/HLA-F/HLA-G/B2M/TAP1/TAP2/CD74	13
4	GO:0055038	recycling endosome membrane	7/122	96/19594	2.29886445722567e-06	1.54352327842295e-05	1.05436640519373e-05	HLA-A/HLA-B/HLA-C/HLA-E/HLA-F/HLA-G/B2M	7
4	GO:0005766	primary lysosome	8/122	155/19594	5.74780461231545e-06	3.60195755705102e-05	2.46046372878065e-05	NPC2/CTSC/FTL/GM2A/LYZ/MAN2B1/PSAP/C3AR1	8
4	GO:0042582	azurophil granule	8/122	155/19594	5.74780461231545e-06	3.60195755705102e-05	2.46046372878065e-05	NPC2/CTSC/FTL/GM2A/LYZ/MAN2B1/PSAP/C3AR1	8
4	GO:0070820	tertiary granule	8/122	164/19594	8.70651387645247e-06	5.28007938313891e-05	3.60677315085637e-05	CTSS/CYBB/FCER1G/NCKAP1L/LYZ/ASAH1/B2M/CD53	8
4	GO:0101002	ficolin-1-rich granule	8/122	185/19594	2.08940229228966e-05	0.000122752384672017	8.38510130458349e-05	FGL2/CTSS/FCER1G/NCKAP1L/ASAH1/BIN2/PLEKHO2/GMFG	8
4	GO:0035578	azurophil granule lumen	6/122	91/19594	2.22861082986909e-05	0.000126963283641027	8.67274389933107e-05	NPC2/CTSC/FTL/GM2A/LYZ/MAN2B1	6
4	GO:0055037	recycling endosome	8/122	196/19594	3.16097040126216e-05	0.00017478306924626	0.000119392690078633	HLA-A/HLA-B/HLA-C/HLA-E/HLA-F/HLA-G/B2M/FCHSD2	8
4	GO:0005765	lysosomal membrane	11/122	404/19594	4.52219673284719e-05	0.000236159162715353	0.000161318129066479	HLA-DMA/HLA-DMB/HLA-DPA1/HLA-DRA/HLA-DRB3/HLA-F/PSAP/MFSD1/C3AR1/LAPTM5/CD74	11
4	GO:0098852	lytic vacuole membrane	11/122	404/19594	4.52219673284719e-05	0.000236159162715353	0.000161318129066479	HLA-DMA/HLA-DMB/HLA-DPA1/HLA-DRA/HLA-DRB3/HLA-F/PSAP/MFSD1/C3AR1/LAPTM5/CD74	11
4	GO:0031904	endosome lumen	4/122	35/19594	6.45117757269444e-05	0.000320503790758282	0.000218933160540372	CTSS/JAK2/LGMN/B2M	4
4	GO:0042581	specific granule	7/122	160/19594	6.47826811107165e-05	0.000320503790758282	0.000218933160540372	CYBB/DOCK2/ITGAL/LYZ/B2M/C3AR1/CD53	7
4	GO:0005774	vacuolar membrane	11/122	449/19594	0.0001158622758975	0.000558515586377692	0.000381516805924291	HLA-DMA/HLA-DMB/HLA-DPA1/HLA-DRA/HLA-DRB3/HLA-F/PSAP/MFSD1/C3AR1/LAPTM5/CD74	11
4	GO:1904813	ficolin-1-rich granule lumen	6/122	124/19594	0.000126365817049398	0.000593919340132171	0.00040570078105333	FGL2/CTSS/ASAH1/BIN2/PLEKHO2/GMFG	6
4	GO:0005769	early endosome	10/122	389/19594	0.000162291479765821	0.000744165809657912	0.000508332747918619	GPNMB/HLA-A/HLA-B/HLA-C/HLA-DRA/HLA-E/HLA-F/HLA-G/B2M/CYTIP	10
4	GO:1904724	tertiary granule lumen	4/122	55/19594	0.000381757098232321	0.00170881748732563	0.00116727734296599	CTSS/LYZ/ASAH1/B2M	4
4	GO:0005770	late endosome	8/122	283/19594	0.00039885553435124	0.00174383349902402	0.0011911964551004	CTSS/HLA-DMA/HLA-DMB/HLA-DRA/HLA-DRB3/LGMN/PSAP/CD74	8
4	GO:0031093	platelet alpha granule lumen	4/122	67/19594	0.000810077742602146	0.00346124126384553	0.00236434173678138	SRGN/TGFB1/SERPING1/TMSB4X	4
4	GO:0030669	clathrin-coated endocytic vesicle membrane	4/122	72/19594	0.00106164143321289	0.00443530198764497	0.00302971356378884	HLA-DPA1/HLA-DRA/HLA-DRB3/CD74	4
4	GO:0005802	trans-Golgi network	7/122	260/19594	0.00122538489892137	0.00500809480428735	0.00342098301300703	HLA-DPA1/HLA-DRA/HLA-DRB3/LAP3/MS4A7/MS4A6A/CD74	7
4	GO:0062023	collagen-containing extracellular matrix	9/122	429/19594	0.00146740269030571	0.00586961076122284	0.00400947655581851	CTSC/FGL2/CTSS/PSAP/TGFB1/SERPING1/C1QA/C1QB/C1QC	9
4	GO:0005581	collagen trimer	4/122	86/19594	0.00204981618386962	0.00802844672015603	0.00548415733403715	MSR1/C1QA/C1QB/C1QC	4
4	GO:0031091	platelet alpha granule	4/122	91/19594	0.00251917080665149	0.00928635513040157	0.00634342287742996	SRGN/TGFB1/SERPING1/TMSB4X	4
4	GO:0035579	specific granule membrane	4/122	91/19594	0.00251917080665149	0.00928635513040157	0.00634342287742996	CYBB/ITGAL/C3AR1/CD53	4
4	GO:0045334	clathrin-coated endocytic vesicle	4/122	91/19594	0.00251917080665149	0.00928635513040157	0.00634342287742996	HLA-DPA1/HLA-DRA/HLA-DRB3/CD74	4
4	GO:0001772	immunological synapse	3/122	44/19594	0.00258927163231865	0.00936121282453664	0.00639455747252783	HLA-DRA/CD37/CD53	3
4	GO:0098791	Golgi apparatus subcompartment	8/122	385/19594	0.00284669796727157	0.0100977210914539	0.00689765942417341	HLA-A/HLA-DPA1/HLA-DRA/HLA-DRB3/LAP3/MS4A7/MS4A6A/CD74	8
4	GO:0032588	trans-Golgi network membrane	4/122	100/19594	0.00354117752433	0.0123285439735933	0.00842151380055088	HLA-DPA1/HLA-DRA/HLA-DRB3/CD74	4
4	GO:0030665	clathrin-coated vesicle membrane	4/122	111/19594	0.00513341711601832	0.0175469530511172	0.011986160538837	HLA-DPA1/HLA-DRA/HLA-DRB3/CD74	4
4	GO:0035580	specific granule lumen	3/122	62/19594	0.00681820070415695	0.0228896737925269	0.0156357234193073	DOCK2/LYZ/B2M	3
4	GO:0140534	endoplasmic reticulum protein-containing complex	4/122	125/19594	0.00777406651097791	0.02564078077305	0.0175149790275033	HLA-A/B2M/TAP1/TAP2	4
4	GO:0070821	tertiary granule membrane	3/122	73/19594	0.0106729316043345	0.0345950196830154	0.0236315364016119	CYBB/FCER1G/CD53	3
4	GO:0033116	endoplasmic reticulum-Golgi intermediate compartment membrane	3/122	77/19594	0.0123299470081431	0.0392886447039135	0.0268377080284291	CTSC/TAP1/TAP2	3
4	GO:0036019	endolysosome	2/122	28/19594	0.0130763992261356	0.0409727175752248	0.0279880825541849	CTSS/LGMN	2
4	GO:0072562	blood microparticle	4/122	147/19594	0.013501181852212	0.0416101998068173	0.028423540741499	TGFB1/SERPING1/C1QB/C1QC	4
4	GO:0031902	late endosome membrane	4/122	152/19594	0.0150956318353783	0.0457738513717924	0.0312676924264204	HLA-DMA/HLA-DMB/HLA-DRA/HLA-DRB3	4
4	GO:0005925	focal adhesion	7/122	419/19594	0.015964154895581	0.0476390654026861	0.032541802794668	JAK2/LAP3/B2M/PTPRC/RAC2/ADGRE5/GIT2	7
4	GO:0030055	cell-substrate junction	7/122	428/19594	0.0177244856790966	0.0520656766823463	0.0355655798166084	JAK2/LAP3/B2M/PTPRC/RAC2/ADGRE5/GIT2	7
4	GO:0030136	clathrin-coated vesicle	4/122	192/19594	0.032132266690493	0.0929364021201952	0.063483992489719	HLA-DPA1/HLA-DRA/HLA-DRB3/CD74	4
